ID,stylo_filename,decade,title,author,gnd,forename,surename,birth_year,death_year,gender,filename,pubyear,genre,text_length,sorted_nationality,sources,timeslot,city,corpus
1,Schnitzler_DerWeginsFreie_gutenberg.txt,1880.0,Der Weg ins Freie,Arthur Schnitzler,http://d-nb.info/gnd/118609807,Arthur,Schnitzler,1862,1931,männlich,Schnitzler_DerWeginsFreie_gutenberg.txt,1908.0,Roman,118057,Deutschland; Österreich,https://www.projekt-gutenberg.org/schnitzl/wegfreie/wegfreie.html,1860-1879,vienna,sunset
2,Meding_ZweiKaiserkronen.txt,1870.0,Zwei Kaiserkronen,Gregor Samarov,http://d-nb.info/gnd/101135262,Oskar,Meding,1829,1903,männlich,Meding_ZweiKaiserkronen.txt,1873.0,Roman,199386,Deutschland,https://www.projekt-gutenberg.org/meding/2kaiserk/2kaiserk.html,1820-1839,vienna,sunset
3,Keyserling_DiedritteStiege.txt,1890.0,Die dritte Stiege,Eduard von Keyserling,http://d-nb.info/gnd/118561812,Eduard von,Keyserling,1855,1918,männlich,Keyserling_DiedritteStiege.txt,1892.0,Roman,76271,Deutschland; Estland; Lettland; Russland,https://www.projekt-gutenberg.org/keyserlg/stiege/stiege.html,1840-1859,vienna,sunset
4,Günther_DieHeiligeundihrNarrBand1_gutenberg.txt,1880.0,"Die Heilige und ihr Narr, Band 1",Agnes Günther,http://d-nb.info/gnd/118698907,Agnes,Günther,1863,1911,weiblich,Günther_DieHeiligeundihrNarrBand1_gutenberg.txt,1918.0,Roman,107025,Deutschland,https://www.projekt-gutenberg.org/guenthea/heilige1/heilige1.html,1860-1879,berlin,sunset
5,Günther_DieHeiligeundihrNarrBand2_gutenberg.txt,1880.0,"Die Heilige und ihr Narr, Band 2",Agnes Günther,http://d-nb.info/gnd/118698907,Agnes,Günther,1863,1911,weiblich,Günther_DieHeiligeundihrNarrBand2_gutenberg.txt,1918.0,Roman,118299,Deutschland,https://www.projekt-gutenberg.org/guenthea/heilige2/heilige2.html,1860-1879,berlin,sunset
6,Marlitt_ImSchillingshof_gutenberg.txt,1840.0,Im Schillingshof,E. Marlitt,http://d-nb.info/gnd/118731092,E.,Marlitt,1825,1887,weiblich,Marlitt_ImSchillingshof_gutenberg.txt,1880.0,Roman,132812,Deutschland,https://www.projekt-gutenberg.org/marlitt/schillin/schillin.html,1820-1839,berlin,sunset
7,Häring_DerfalscheWoldemar_gutenberg.txt,1810.0,Der falsche Woldemar,Willibald Alexis,http://d-nb.info/gnd/118648071,Willibald,Alexis,1798,1871,männlich,Häring_DerfalscheWoldemar_gutenberg.txt,1842.0,Roman,220761,Deutschland,https://www.projekt-gutenberg.org/alexis/woldemar/woldemar.html,1780-1799,berlin,sunset
8,Stifter_Studien_zeno.txt,1840.0,Studien,Adalbert Stifter,http://d-nb.info/gnd/118618179,Adalbert,Stifter,1828,1891,männlich,Stifter_Studien_zeno.txt,1844.0,Erzählung,372537,Deutschland; Tschechische Republik; Österreich,"http://www.zeno.org/Literatur/M/Stifter,+Adalbert/Erz%C3%A4hlungen/Studien",1820-1839,vienna,sunset
9,Stifter_Feldblumen.txt,1840.0,Feldblumen,Adalbert Stifter,http://d-nb.info/gnd/118618176,Adalbert,Stifter,1825,1888,männlich,Stifter_Feldblumen.txt,1840.0,Erzählung,37962,Deutschland; Tschechische Republik; Österreich,https://www.projekt-gutenberg.org/stifter/feldblum/feldblum.html,1820-1839,vienna,sunset
10,Stifter_Nachkommenschaften_gutenberg.txt,1840.0,Nachkommenschaften,Adalbert Stifter,http://d-nb.info/gnd/118618177,Adalbert,Stifter,1826,1889,männlich,Stifter_Nachkommenschaften_gutenberg.txt,1864.0,Erzählung,21016,Deutschland; Tschechische Republik; Österreich,https://www.projekt-gutenberg.org/stifter/nachkomm/nachkomm.html,1820-1839,vienna,sunset
11,Stifter_Witiko_gutenberg.txt,1840.0,Witiko,Adalbert Stifter,http://d-nb.info/gnd/118618180,Adalbert,Stifter,1829,1892,männlich,Stifter_Witiko_gutenberg.txt,1865.0,Roman,276518,Deutschland; Tschechische Republik; Österreich,https://www.projekt-gutenberg.org/stifter/witiko/witiko.html,1820-1839,vienna,sunset
12,Stifter_ZweiSchwestern.txt,1840.0,Zwei Schwestern,Adalbert Stifter,http://d-nb.info/gnd/118618181,Adalbert,Stifter,1830,1893,männlich,Stifter_ZweiSchwestern.txt,1845.0,Erzählung,49734,Deutschland; Tschechische Republik; Österreich,https://www.projekt-gutenberg.org/stifter/schweste/schweste.html,1820-1839,vienna,sunset
13,Müller-Guttenbrunn_DergroßeSchwabenzug_gutenberg.txt,1870.0,Der große Schwabenzug,Adam Müller-Guttenbrunn,http://d-nb.info/gnd/118585339,Adam,Müller-Guttenbrunn,1852,1923,männlich,Müller-Guttenbrunn_DergroßeSchwabenzug_gutenberg.txt,1913.0,Roman,84643,Deutschland; Rumänien; Österreich,https://www.projekt-gutenberg.org/muellera/schwaben/schwaben.html,1840-1859,vienna,sunset
14,Müller-Guttenbrunn_DieGlockenderHeimat_gutenberg.txt,1870.0,Die Glocken der Heimat,Adam Müller-Guttenbrunn,http://d-nb.info/gnd/118585340,Adam,Müller-Guttenbrunn,1853,1924,männlich,Müller-Guttenbrunn_DieGlockenderHeimat_gutenberg.txt,1911.0,Roman,77119,Deutschland; Rumänien; Österreich,https://www.projekt-gutenberg.org/muellera/glocken/glocken.html,1840-1859,vienna,sunset
15,Müller-Guttenbrunn_MeisterJakobundseineKinder_gutenberg.txt,1870.0,Meister Jakob und seine Kinder,Adam Müller-Guttenbrunn,http://d-nb.info/gnd/118585341,Adam,Müller-Guttenbrunn,1854,1925,männlich,Müller-Guttenbrunn_MeisterJakobundseineKinder_gutenberg.txt,1918.0,Roman,84748,Deutschland; Rumänien; Österreich,https://www.projekt-gutenberg.org/muellera/jakob/jakob.html,1840-1859,vienna,sunset
16,Wilbrandt_FridolinsheimlicheEhe.txt,1870.0,Fridolins heimliche Ehe,Adolf Wilbrandt,http://d-nb.info/gnd/118807250,Adolf von,Wilbrandt,1837,1911,männlich,Wilbrandt_FridolinsheimlicheEhe.txt,1875.0,Roman,51503,Deutschland; Österreich,https://www.projekt-gutenberg.org/wilbrand/fridolin/fridolin.html,1820-1839,berlin,sunset
17,Wilbrandt_HermannIfinger_gutenberg.txt,1850.0,Hermann Ifinger,Adolf Wilbrandt,http://d-nb.info/gnd/118807250,Adolf von,Wilbrandt,1837,1911,männlich,Wilbrandt_HermannIfinger_gutenberg.txt,1892.0,Roman,142733,Deutschland; Österreich,https://www.projekt-gutenberg.org/wilbrand/hermann/hermann.html,1820-1839,vienna,sunset
18,Brachvogel_OberstvonSteuben–desgroßenKönigsAdjutant_gutenberg.txt,1840.0,Oberst von Steuben – des großen Königs Adjutant,Albert Emil Brachvogel,http://d-nb.info/gnd/119163454,Albert Emil Brachvogel,No surename,1824,1878,männlich,Brachvogel_OberstvonSteuben–desgroßenKönigsAdjutant_gutenberg.txt,1875.0,Roman,141373,Deutschland,https://www.projekt-gutenberg.org/brachvog/steuben/steuben.html,1820-1839,berlin,sunset
19,Kahane_DieThimigs_gutenberg.txt,1890.0,Die Thimigs,Arthur Kahane,http://d-nb.info/gnd/116017538,Arthur,Kahane,1872,1932,männlich,Kahane_DieThimigs_gutenberg.txt,1930.0,Roman,32169,Deutschland,https://www.projekt-gutenberg.org/kahane/thimig/thimig.html,1860-1879,vienna,sunset
20,Schnitzler_FrauBertaGarlan_gutenberg.txt,1880.0,Frau Berta Garlan,Arthur Schnitzler,http://d-nb.info/gnd/118609807,Arthur,Schnitzler,1862,1931,männlich,Schnitzler_FrauBertaGarlan_gutenberg.txt,1901.0,Novelle,50205,Deutschland; Österreich,https://www.projekt-gutenberg.org/schnitzl/bertagar/bertagar.html,1860-1879,vienna,sunset
21,schnitzler_else_1924.txt,1920.0,Fräulein Else,Arthur Schnitzler,http://d-nb.info/gnd/118609807,Arthur,Schnitzler,1862,1931,männlich,schnitzler_else_1924.txt,1924.0,Novelle,24987,Deutschland; Österreich,https://www.deutschestextarchiv.de/book/show/schnitzler_else_1924,1860-1879,vienna,sunset
22,Schnitzler_Therese_gutenberg.txt,1880.0,Therese,Arthur Schnitzler,http://d-nb.info/gnd/118609807,Arthur,Schnitzler,1862,1931,männlich,Schnitzler_Therese_gutenberg.txt,1928.0,Roman,96520,Deutschland; Österreich,https://www.projekt-gutenberg.org/schnitzl/therese/therese.html,1860-1879,vienna,sunset
23,Schurig_DerDoppelgängerNeunneueBeethoven-Novellen_gutenberg.txt,1890.0,Der Doppelgänger. Neun neue Beethoven-Novellen,Arthur Schurig,http://d-nb.info/gnd/117311340,Arthur,Schurig,1870,1929,männlich,Schurig_DerDoppelgängerNeunneueBeethoven-Novellen_gutenberg.txt,1928.0,Novelle,17488,Deutschland,https://www.projekt-gutenberg.org/schurig/doppelga/doppelga.html,1860-1879,vienna,sunset
24,Landsberger_LiebeundBananen_gutenberg.txt,1890.0,Liebe und Bananen,Artur Landsberger,http://d-nb.info/gnd/116681691,Artur,Landsberger,1876,1933,männlich,Landsberger_LiebeundBananen_gutenberg.txt,1927.0,Roman,48844,Deutschland; Jüdischer Kulturkreis,https://www.projekt-gutenberg.org/landsbrg/bananen/bananen.html,1860-1879,berlin,sunset
25,Landsberger_MenschundRichter_gutenberg.txt,1890.0,Mensch und Richter,Artur Landsberger,http://d-nb.info/gnd/116681691,Artur,Landsberger,1876,1933,männlich,Landsberger_MenschundRichter_gutenberg.txt,1931.0,Roman,60438,Deutschland; Jüdischer Kulturkreis,https://www.projekt-gutenberg.org/landsbrg/menschri/menschri.html,1860-1879,berlin,sunset
26,Landsberger_VillaimTiergarten_gutenberg.txt,1890.0,Villa im Tiergarten,Artur Landsberger,http://d-nb.info/gnd/116681691,Artur,Landsberger,1876,1933,männlich,Landsberger_VillaimTiergarten_gutenberg.txt,1924.0,Roman,93700,Deutschland; Jüdischer Kulturkreis,https://www.projekt-gutenberg.org/landsbrg/villtier/villtier.html,1860-1879,berlin,sunset
27,Groner_WarenhausGroß&Comp_gutenberg.txt,1870.0,Warenhaus Groß & Comp.,Auguste Groner,http://d-nb.info/gnd/119196778,Auguste,Groner,1850,1929,weiblich,Groner_WarenhausGroß&Comp_gutenberg.txt,1907.0,Roman,72132,Österreich,https://www.projekt-gutenberg.org/groner/warenhau/warenhau.html,1840-1859,vienna,sunset
28,Groller_DieTochterdesRegimentsundandereNovellen_gutenberg.txt,1860.0,Die Tochter des Regiments und andere Novellen,Balduin Groller,http://d-nb.info/gnd/142373672,Balduin,Groller,1848,1916,männlich,Groller_DieTochterdesRegimentsundandereNovellen_gutenberg.txt,1888.0,Novelle,37059,Rumänien; Ungarn; Österreich,https://www.projekt-gutenberg.org/groller/regiment/regiment.html,1840-1859,vienna,sunset
29,Groller_Tötesie_gutenberg.txt,1860.0,Töte sie!,Balduin Groller,http://d-nb.info/gnd/142373672,Balduin,Groller,1848,1916,männlich,Groller_Tötesie_gutenberg.txt,1892.0,Roman,45349,Rumänien; Ungarn; Österreich,https://www.projekt-gutenberg.org/groller/toetesie/toetesie.html,1840-1859,vienna,sunset
30,Behrens_AusdemLebenmeineraltenFreundin_gutenberg.txt,1860.0,Aus dem Leben meiner alten Freundin,Bertha Behrens,http://d-nb.info/gnd/104352787,Bertha,Behrens,1848,1920,weiblich,Behrens_AusdemLebenmeineraltenFreundin_gutenberg.txt,1878.0,Roman,82989,Deutschland,https://www.projekt-gutenberg.org/heimburg/altfreun/altfreun.html,1840-1859,vienna,sunset
31,Suttner_DieWaffennieder_gutenberg.txt,1860.0,Die Waffen nieder!,Bertha von Suttner,http://d-nb.info/gnd/118620126,Bertha von,Suttner,1843,1914,weiblich,Suttner_DieWaffennieder_gutenberg.txt,1889.0,Roman,133998,Tschechische Republik; Österreich,https://www.projekt-gutenberg.org/suttner/waffenni/waffenni.html,1840-1859,vienna,sunset
32,Suttner_Martha'sKinder_zeno.txt,1860.0,Martha's Kinder,Bertha von Suttner,http://d-nb.info/gnd/118620126,Bertha von,Suttner,1843,1914,weiblich,Suttner_Martha'sKinder_zeno.txt,1902.0,Roman,88458,Tschechische Republik; Österreich,"http://www.zeno.org/Literatur/M/Suttner,+Bertha+von/Romane/Martha%27s+Kinder",1840-1859,vienna,sunset
33,Duncker_DieGraueGasse_gutenberg.txt,1870.0,Die Graue Gasse,Dora Duncker,http://d-nb.info/gnd/116251654,Dora,Duncker,1855,1916,weiblich,Duncker_DieGraueGasse_gutenberg.txt,1906.0,Roman,60979,Deutschland,https://www.projekt-gutenberg.org/duncker/graugass/graugass.html,1840-1859,berlin,sunset
34,Duncker_Grossstadt_gutenberg.txt,1870.0,Grossstadt,Dora Duncker,http://d-nb.info/gnd/116251654,Dora,Duncker,1855,1916,weiblich,Duncker_Grossstadt_gutenberg.txt,1900.0,Roman,72077,Deutschland,https://www.projekt-gutenberg.org/duncker/grosstad/grosstad.html,1840-1859,berlin,sunset
35,Duncker_Großstadt_zeno.txt,1870.0,Großstadt,Dora Duncker,http://d-nb.info/gnd/116251654,Dora,Duncker,1855,1916,weiblich,Duncker_Großstadt_zeno.txt,1900.0,Roman,72112,Deutschland,"http://www.zeno.org/Literatur/M/Duncker,+Dora/Roman/Gro%C3%9Fstadt",1840-1859,berlin,sunset
36,Bürstenbinder_Hexengold_gutenberg.txt,1850.0,Hexengold,E. Werner,https://d-nb.info/gnd/115341307,Elisabeth,Werner,1838,1918,weiblich,Bürstenbinder_Hexengold_gutenberg.txt,1900.0,Erzählung,107970,Deutschland; Italien,https://www.projekt-gutenberg.org/wernere/hexengol/hexengol.html,1820-1839,berlin,sunset
37,Bürstenbinder_Siegwart_gutenberg.txt,1850.0,Siegwart,E. Werner,https://d-nb.info/gnd/115341307,Elisabeth,Werner,1838,1918,weiblich,Bürstenbinder_Siegwart_gutenberg.txt,1909.0,Roman,97497,Deutschland; Italien,https://www.projekt-gutenberg.org/wernere/siegwart/siegwart.html,1820-1839,berlin,sunset
38,Ertl_AufderWegwacht.txt,1910.0,Auf der Wegwacht,Emil Ertl,http://d-nb.info/gnd/116568437,Emil,Ertl,1860,1935,männlich,Ertl_AufderWegwacht.txt,1911.0,Roman,127325,Österreich,https://www.projekt-gutenberg.org/ertl/wegwacht/wegwacht.html,1860-1879,vienna,sunset
39,Ertl_DieLeutevonblauenGuguckshaus.txt,1910.0,Die Leute von blauen Guguckshaus,Emil Ertl,http://d-nb.info/gnd/116568437,Emil,Ertl,1860,1935,männlich,Ertl_DieLeutevonblauenGuguckshaus.txt,1911.0,Roman,119114,Österreich,https://www.projekt-gutenberg.org/ertl/guguck/guguck.html,1860-1879,vienna,sunset
40,Ertl_Freiheitdieichmeine.txt,1900.0,Freiheit die ich meine,Emil Ertl,http://d-nb.info/gnd/116568437,Emil,Ertl,1860,1935,männlich,Ertl_Freiheitdieichmeine.txt,1909.0,Roman,194304,Österreich,https://www.projekt-gutenberg.org/ertl/freiheit/freiheit.html,1860-1879,vienna,sunset
41,Ertl_ImHauszumSeidenbaum.txt,1920.0,Im Haus zum Seidenbaum,Emil Ertl,http://d-nb.info/gnd/116568437,Emil,Ertl,1860,1935,männlich,Ertl_ImHauszumSeidenbaum.txt,1926.0,Roman,98781,Österreich,https://www.projekt-gutenberg.org/ertl/seidenba/seidenba.html,1860-1879,vienna,sunset
42,Hoffmann_DieSerapions-Brüder.txt,1820.0,Die Serapions-Brüder,Ernst Theodor Amadeus Hoffmann,http://d-nb.info/gnd/118552465,E. T. A.,Hoffmann,1776,1822,männlich,Hoffmann_DieSerapions-Brüder.txt,1821.0,Erzählung,368341,Deutschland,https://www.projekt-gutenberg.org/etahoff/serapion/serapion.html,1760-1779,berlin,sunset
43,Wildenbruch_Schwester-Seele.txt,1910.0,Schwester-Seele,Ernst von Wildenbruch,http://d-nb.info/gnd/118771760,Ernst von,Wildenbruch,1845,1909,männlich,Wildenbruch_Schwester-Seele.txt,1914.0,Roman,131641,Deutschland; Libanon; Syrien,https://www.projekt-gutenberg.org/wildenbr/schweste/schweste.html,1840-1859,berlin,sunset
44,Lewald_PrinzLouisFerdinand.txt,1840.0,Prinz Louis Ferdinand,Fanny Lewald,http://d-nb.info/gnd/118572393,Fanny,Lewald,1811,1889,weiblich,Lewald_PrinzLouisFerdinand.txt,1849.0,Roman,106392,Deutschland,https://www.projekt-gutenberg.org/lewald/prinzlou/prinzlou.html,1800-1819,berlin,sunset
45,Zobeltitz_BesserHerralsKnecht.txt,1900.0,Besser Herr als Knecht,Fedor von Zobeltitz,http://d-nb.info/gnd/119256096,Fedor von Zobeltitz,No surename,1857,1934,männlich,Zobeltitz_BesserHerralsKnecht.txt,1900.0,,91446,Deutschland; Polen,https://www.projekt-gutenberg.org/zobeltit/bessherr/bessherr.html,1840-1859,berlin,sunset
46,Zobeltitz_DerTelamone_gutenberg.txt,1870.0,Der Telamone,Fedor von Zobeltitz,http://d-nb.info/gnd/119256096,Fedor von Zobeltitz,No surename,1857,1934,männlich,Zobeltitz_DerTelamone_gutenberg.txt,1893.0,Roman,110536,Deutschland; Polen,https://www.projekt-gutenberg.org/zobeltit/telamone/telamone.html,1840-1859,berlin,sunset
47,Gaudy_NovellenundErzählungen1_gutenberg.txt,1820.0,Novellen und Erzählungen 1,Franz von Gaudy,https://d-nb.info/gnd/104234431,Franz von Gaudy,No surename,1800,1840,männlich,Gaudy_NovellenundErzählungen1_gutenberg.txt,1837.0,Novelle,60463,Deutschland,https://www.projekt-gutenberg.org/gaudy/werke3/book.html,1800-1819,vienna,sunset
48,Kobell_Wildanger_gutenberg.txt,1820.0,Wildanger,Franz von Kobell,http://d-nb.info/gnd/116263431,Franz von Kobell,No surename,1803,1882,männlich,Kobell_Wildanger_gutenberg.txt,1859.0,Erzählung,114179,Deutschland,https://www.projekt-gutenberg.org/kobell/wildangr/wildangr.html,1800-1819,vienna,sunset
49,Kraze_Amey_gutenberg.txt,1890.0,Amey,Friederike Henriette Kraze,http://d-nb.info/gnd/119320525,Friede H. Kraze,No surename,1870,1936,weiblich,Kraze_Amey_gutenberg.txt,1922.0,Roman,100829,Deutschland,https://www.projekt-gutenberg.org/kraze/amey/amey.html,1860-1879,berlin,sunset
50,nicolai_nothanker02_1775.txt,1810.0,Das Leben und die Meinungen des Herrn Magister Sebaldus Nothanker,Friedrich Nicolai,http://d-nb.info/gnd/118587668,Friedrich,Nicolai,1733,1811,männlich,nicolai_nothanker02_1775.txt,1775.0,Roman,50215,Deutschland,https://www.deutschestextarchiv.de/book/show/nicolai_nothanker02_1775,1720-1739,berlin,sunset
51,Spielhagen_Sonntagskind.3.Band.txt,1890.0,Sonntagskind. 3. Band,Friedrich Spielhagen,http://d-nb.info/gnd/118616196,Friedrich,Spielhagen,1829,1911,männlich,Spielhagen_Sonntagskind.3.Band.txt,1893.0,Roman,74022,Deutschland,https://www.projekt-gutenberg.org/spielhag/sonntag3/sonntag3.html,1820-1839,berlin,sunset
52,Spielhagen_StummedesHimmels_gutenberg.txt,1840.0,Stumme des Himmels,Friedrich Spielhagen,http://d-nb.info/gnd/118616196,Friedrich,Spielhagen,1829,1911,männlich,Spielhagen_StummedesHimmels_gutenberg.txt,1895.0,Roman,132834,Deutschland,https://www.projekt-gutenberg.org/spielhag/stumme/stumme.html,1820-1839,berlin,sunset
53,Spielhagen_WaswilldaswerdenZweiterTheil.txt,1880.0,Was will das werden? Zweiter Theil,Friedrich Spielhagen,http://d-nb.info/gnd/118616196,Friedrich,Spielhagen,1829,1911,männlich,Spielhagen_WaswilldaswerdenZweiterTheil.txt,1885.0,Roman,126632,Deutschland,https://www.projekt-gutenberg.org/spielhag/waswill2/waswill2.html,1820-1839,berlin,sunset
54,Hackländer_ReiseindenOrient-ErsterBand.txt,1840.0,Reise in den Orient - Erster Band,Friedrich Wilhelm Hackländer,http://d-nb.info/gnd/118699962,Friedrich Wilhelm,Hackländer,1816,1877,männlich,Hackländer_ReiseindenOrient-ErsterBand.txt,1846.0,,81512,Deutschland,https://www.projekt-gutenberg.org/hacklaen/orient1/orient1.html,1800-1819,vienna,sunset
55,Mauthner_BöhmischeNovellen_gutenberg.txt,1860.0,Böhmische Novellen,Fritz Mauthner,http://d-nb.info/gnd/118579304,Fritz,Mauthner,1849,1923,männlich,Mauthner_BöhmischeNovellen_gutenberg.txt,1919.0,Novelle,101154,Deutschland; Tschechische Republik; Österreich,https://www.projekt-gutenberg.org/mauthner/boehmnov/boehmnov.html,1840-1859,vienna,sunset
56,Mauthner_DerneueAhasver.txt,1880.0,Der neue Ahasver,Fritz Mauthner,http://d-nb.info/gnd/118579304,Fritz,Mauthner,1849,1923,männlich,Mauthner_DerneueAhasver.txt,1882.0,Roman,110514,Deutschland; Tschechische Republik; Österreich,https://www.projekt-gutenberg.org/mauthner/ahasver/ahasver.html,1840-1859,berlin,sunset
57,Ompteda_MargretundOssana_gutenberg.txt,1880.0,Margret und Ossana,Georg von Ompteda,http://d-nb.info/gnd/100813283,Georg Freiherr von Ompteda,No surename,1863,1931,männlich,Ompteda_MargretundOssana_gutenberg.txt,1911.0,Roman,83082,Deutschland,https://www.projekt-gutenberg.org/ompteda/margreto/margreto.html,1860-1879,vienna,sunset
58,Ompteda_MariadaCaza_gutenberg.txt,1880.0,Maria da Caza,Georg von Ompteda,http://d-nb.info/gnd/100813283,Georg Freiherr von Ompteda,No surename,1863,1931,männlich,Ompteda_MariadaCaza_gutenberg.txt,1901.0,Roman,71086,Deutschland,https://www.projekt-gutenberg.org/ompteda/maria/maria.html,1860-1879,berlin,sunset
59,Meding_DerTodesgrußderLegionen.txt,1870.0,Der Todesgruß der Legionen,Gregor Samarov,http://d-nb.info/gnd/101135262,Oskar,Meding,1829,1903,männlich,Meding_DerTodesgrußderLegionen.txt,1874.0,Roman,179473,Deutschland,https://www.projekt-gutenberg.org/meding/legionen/legionen.html,1820-1839,berlin,sunset
60,Meding_DieRömerfahrtderEpigonen.txt,1870.0,Die Römerfahrt der Epigonen,Gregor Samarov,http://d-nb.info/gnd/101135262,Oskar,Meding,1829,1903,männlich,Meding_DieRömerfahrtderEpigonen.txt,1874.0,Roman,119029,Deutschland,https://www.projekt-gutenberg.org/meding/epigonen/epigonen.html,1820-1839,vienna,sunset
61,Meding_Plewna.txt,1880.0,Plewna,Gregor Samarov,http://d-nb.info/gnd/101135262,Oskar,Meding,1829,1903,männlich,Meding_Plewna.txt,1884.0,Roman,144802,Deutschland,https://www.projekt-gutenberg.org/meding/plewna/plewna.html,1820-1839,vienna,sunset
62,Meding_RitteroderDame_gutenberg.txt,1840.0,Ritter oder Dame,Gregor Samarow,http://d-nb.info/gnd/101135262,Oskar,Meding,1829,1903,männlich,Meding_RitteroderDame_gutenberg.txt,1878.0,Novelle,63132,Deutschland,https://www.projekt-gutenberg.org/meding/ritterda/ritterda.html,1820-1839,vienna,sunset
63,Meyer_DerseltsameGast_gutenberg.txt,1880.0,Der seltsame Gast,Gustav Meyrink,http://d-nb.info/gnd/118582046,Gustav,Meyrink,1868,1932,männlich,Meyer_DerseltsameGast_gutenberg.txt,1903.0,Erzählung,27370,Deutschland; Tschechische Republik; Österreich,https://www.projekt-gutenberg.org/meyrink/gast/gast.html,1860-1879,vienna,sunset
64,Mayer_RobertLeichtfuß_gutenberg.txt,1860.0,Robert Leichtfuß,Hans von Hopfen,https://d-nb.info/gnd/116981385,Hans,Hopfen,1840,1909,männlich,Mayer_RobertLeichtfuß_gutenberg.txt,1890.0,Roman,140035,Deutschland; Österreich,https://www.projekt-gutenberg.org/hopfen/leichtfu/leichtfu.html,1840-1859,berlin,sunset
65,Laube_DerdeutscheKriegIBuchJunkerHans1Theil_gutenberg.txt,1820.0,"Der deutsche Krieg. I. Buch, Junker Hans. 1. Theil",Heinrich Laube,http://d-nb.info/gnd/118570080,Heinrich,Laube,1806,1884,männlich,Laube_DerdeutscheKriegIBuchJunkerHans1Theil_gutenberg.txt,1863.0,Roman,102334,Deutschland; Polen; Österreich,https://www.projekt-gutenberg.org/laube/dkrieg1/dkrieg1.html,1800-1819,vienna,sunset
66,"Laube_DerdeutscheKrieg.I.Buch,JunkerHans.2.Theil.txt",1860.0,"Der deutsche Krieg. I. Buch, Junker Hans. 2. Theil",Heinrich Laube,http://d-nb.info/gnd/118570080,Heinrich,Laube,1806,1884,männlich,"Laube_DerdeutscheKrieg.I.Buch,JunkerHans.2.Theil.txt",1863.0,Roman,92210,Deutschland; Polen; Österreich,https://www.projekt-gutenberg.org/laube/dkrieg2/dkrieg2.html,1800-1819,vienna,sunset
67,"Laube_DerdeutscheKrieg.I.Buch,JunkerHans.3.Theil.txt",1860.0,"Der deutsche Krieg. I. Buch, Junker Hans. 3. Theil",Heinrich Laube,http://d-nb.info/gnd/118570080,Heinrich,Laube,1806,1884,männlich,"Laube_DerdeutscheKrieg.I.Buch,JunkerHans.3.Theil.txt",1863.0,Roman,82101,Deutschland; Polen; Österreich,https://www.projekt-gutenberg.org/laube/dkrieg3/dkrieg3.html,1800-1819,vienna,sunset
68,"Laube_DerdeutscheKrieg.II.Buch,Waldstein.1.Theil.txt",1860.0,"Der deutsche Krieg. II. Buch, Waldstein. 1. Theil",Heinrich Laube,http://d-nb.info/gnd/118570080,Heinrich,Laube,1806,1884,männlich,"Laube_DerdeutscheKrieg.II.Buch,Waldstein.1.Theil.txt",1863.0,Roman,110706,Deutschland; Polen; Österreich,https://www.projekt-gutenberg.org/laube/dkrieg4/dkrieg4.html,1800-1819,vienna,sunset
69,Laube_Reisenovellen-Band2.txt,1830.0,Reisenovellen - Band 2,Heinrich Laube,http://d-nb.info/gnd/118570080,Heinrich,Laube,1806,1884,männlich,Laube_Reisenovellen-Band2.txt,1834.0,Novelle,99554,Deutschland; Polen; Österreich,https://www.projekt-gutenberg.org/laube/reisnov2/reisnov2.html,1800-1819,vienna,sunset
70,Laube_Reisenovellen-Band3.txt,1830.0,Reisenovellen - Band 3,Heinrich Laube,http://d-nb.info/gnd/118570080,Heinrich,Laube,1806,1884,männlich,Laube_Reisenovellen-Band3.txt,1834.0,Novelle,30463,Deutschland; Polen; Österreich,https://www.projekt-gutenberg.org/laube/reisnov3/reisnov3.html,1800-1819,vienna,sunset
71,Laube_Reisenovellen-Band4.txt,1830.0,Reisenovellen - Band 4,Heinrich Laube,http://d-nb.info/gnd/118570080,Heinrich,Laube,1806,1884,männlich,Laube_Reisenovellen-Band4.txt,1834.0,Novelle,40390,Deutschland; Polen; Österreich,https://www.projekt-gutenberg.org/laube/reisnov4/reisnov4.html,1800-1819,vienna,sunset
72,Laube_Reisenovellen-Band5.txt,1830.0,Reisenovellen - Band 5,Heinrich Laube,http://d-nb.info/gnd/118570080,Heinrich,Laube,1806,1884,männlich,Laube_Reisenovellen-Band5.txt,1834.0,Novelle,68774,Deutschland; Polen; Österreich,https://www.projekt-gutenberg.org/laube/reisnov5/reisnov5.html,1800-1819,berlin,sunset
73,Zschokke_DieRosevonDisentis_gutenberg.txt,1810.0,Die Rose von Disentis,Heinrich Zschokke,http://d-nb.info/gnd/118637266,Heinrich,Zschokke,1771,1848,männlich,Zschokke_DieRosevonDisentis_gutenberg.txt,1844.0,Roman,76229,Deutschland; Schweiz,https://www.projekt-gutenberg.org/zschokke/disentis/disentis.html,1760-1779,vienna,sunset
74,Paalzow_ThomasThyrnau.DritterTheil.txt,1840.0,Thomas Thyrnau. Dritter Theil,Henriette von Paalzow,http://d-nb.info/gnd/11601122X,Henriette,Paalzow,1788,1847,weiblich,Paalzow_ThomasThyrnau.DritterTheil.txt,1843.0,Roman,104021,Deutschland,https://www.projekt-gutenberg.org/paalzow/thyrnau3/thyrnau3.html,1780-1799,vienna,sunset
75,Paalzow_ThomasThyrnau.ZweiterTheil.txt,1840.0,Thomas Thyrnau. Zweiter Theil,Henriette von Paalzow,http://d-nb.info/gnd/11601122X,Henriette,Paalzow,1788,1847,weiblich,Paalzow_ThomasThyrnau.ZweiterTheil.txt,1843.0,Roman,96434,Deutschland,https://www.projekt-gutenberg.org/paalzow/thyrnau2/thyrnau2.html,1780-1799,vienna,sunset
76,Bahr_DieHexeDrut.txt,1920.0,Die Hexe Drut,Hermann Bahr,http://d-nb.info/gnd/118505955,Hermann,Bahr,1863,1934,männlich,Bahr_DieHexeDrut.txt,1929.0,Roman,129732,Deutschland; Österreich,https://www.projekt-gutenberg.org/bahr/hexedrut/hexedrut.html,1860-1879,vienna,sunset
77,Bahr_Leander_gutenberg.txt,1880.0,Leander,Hermann Bahr,http://d-nb.info/gnd/118505955,Hermann,Bahr,1863,1934,männlich,Bahr_Leander_gutenberg.txt,1899.0,Erzählung,67115,Deutschland; Österreich,https://www.projekt-gutenberg.org/bahr/leander/leander.html,1860-1879,vienna,sunset
78,Essig_DerTaifun_zeno.txt,1890.0,Der Taifun,Hermann Essig,http://d-nb.info/gnd/118531212,Hermann,Essig,1878,1918,männlich,Essig_DerTaifun_zeno.txt,1919.0,Roman,99556,Deutschland,"http://www.zeno.org/Literatur/M/Essig,+Hermann/Roman/Der+Taifun",1860-1879,berlin,sunset
79,Heiberg_CharaktereundSchicksale.txt,1900.0,Charaktere und Schicksale,Hermann Heiberg,http://d-nb.info/gnd/11657299X,Hermann,Heiberg,1840,1910,männlich,Heiberg_CharaktereundSchicksale.txt,1901.0,Roman,62515,Deutschland,https://www.projekt-gutenberg.org/heiberg/charakte/charakte.html,1840-1859,berlin,sunset
80,Bettauer_DasblaueMal_gutenberg.txt,1890.0,Das blaue Mal,Hugo Bettauer,http://d-nb.info/gnd/11851038X,Hugo,Bettauer,1872,1925,männlich,Bettauer_DasblaueMal_gutenberg.txt,1922.0,Roman,54697,Österreich,https://www.projekt-gutenberg.org/bettauer/blauemal/blauemal.html,1860-1879,vienna,sunset
81,Bettauer_DerKampfumWien_gutenberg.txt,1890.0,Der Kampf um Wien,Hugo Bettauer,http://d-nb.info/gnd/11851038X,Hugo,Bettauer,1872,1925,männlich,Bettauer_DerKampfumWien_gutenberg.txt,1924.0,Roman,78413,Österreich,https://www.projekt-gutenberg.org/bettauer/kampfwie/kampfwie.html,1860-1879,vienna,sunset
82,Bettauer_DieFreudloseGasse_gutenberg.txt,1890.0,Die Freudlose Gasse,Hugo Bettauer,http://d-nb.info/gnd/11851038X,Hugo,Bettauer,1872,1925,männlich,Bettauer_DieFreudloseGasse_gutenberg.txt,1924.0,Roman,48921,Österreich,https://www.projekt-gutenberg.org/bettauer/gasse/gasse.html,1860-1879,vienna,sunset
83,Bettauer_DieStadtohneJuden_gutenberg.txt,1890.0,Die Stadt ohne Juden,Hugo Bettauer,http://d-nb.info/gnd/11851038X,Hugo,Bettauer,1872,1925,männlich,Bettauer_DieStadtohneJuden_gutenberg.txt,1922.0,Roman,31359,Österreich,https://www.projekt-gutenberg.org/bettauer/stadtjud/stadtjud.html,1860-1879,vienna,sunset
84,Bettauer_Faustrecht_gutenberg.txt,1890.0,Faustrecht,Hugo Bettauer,http://d-nb.info/gnd/11851038X,Hugo,Bettauer,1872,1925,männlich,Bettauer_Faustrecht_gutenberg.txt,1920.0,Roman,47145,Österreich,https://www.projekt-gutenberg.org/bettauer/faustrec/faustrec.html,1860-1879,vienna,sunset
85,Bettauer_Hemmungslos.txt,1920.0,Hemmungslos,Hugo Bettauer,http://d-nb.info/gnd/11851038X,Hugo,Bettauer,1872,1925,männlich,Bettauer_Hemmungslos.txt,1920.0,Roman,39031,Österreich,https://www.projekt-gutenberg.org/bettauer/hemmungs/hemmungs.html,1860-1879,vienna,sunset
86,Boy-Ed_DieOpferschale_gutenberg.txt,1870.0,Die Opferschale,Ida Boy-Ed,http://d-nb.info/gnd/118662473,Ida,Boy-Ed,1852,1928,weiblich,Boy-Ed_DieOpferschale_gutenberg.txt,1916.0,Roman,95637,Deutschland,https://www.projekt-gutenberg.org/boy-ed/opfersch/opfersch.html,1840-1859,berlin,sunset
87,David_DieHanna_gutenberg.txt,1870.0,Die Hanna,Jakob Julius David,http://d-nb.info/gnd/118671103,Jakob Julius David,No surename,1859,1906,männlich,David_DieHanna_gutenberg.txt,1904.0,Novelle,95812,Deutschland; Österreich,https://www.projekt-gutenberg.org/david/hanna1/hanna1.html,1840-1859,vienna,sunset
88,Wassermann_DieGeschichtederjungenRenateFuchs_gutenberg.txt,1890.0,Die Geschichte der jungen Renate Fuchs,Jakob Wassermann,http://d-nb.info/gnd/118629387,Jakob,Wassermann,1873,1934,männlich,Wassermann_DieGeschichtederjungenRenateFuchs_gutenberg.txt,1901.0,Roman,108761,Deutschland; Österreich,https://www.projekt-gutenberg.org/wasserma/renate/renate.html,1860-1879,vienna,sunset
89,Wassermann_JosephKerkhovensdritteExistenz_gutenberg.txt,1890.0,Joseph Kerkhovens dritte Existenz,Jakob Wassermann,http://d-nb.info/gnd/118629387,Jakob,Wassermann,1873,1934,männlich,Wassermann_JosephKerkhovensdritteExistenz_gutenberg.txt,1934.0,Roman,193338,Deutschland; Österreich,https://www.projekt-gutenberg.org/wasserma/kerkhove/kerkhove.html,1860-1879,vienna,sunset
90,Wassermann_Ulrike_gutenberg.txt,1890.0,Ulrike,Jakob Wassermann,http://d-nb.info/gnd/118629387,Jakob,Wassermann,1873,1934,männlich,Wassermann_Ulrike_gutenberg.txt,1923.0,Roman,148128,Deutschland; Österreich,https://www.projekt-gutenberg.org/wasserma/ulrike/ulrike.html,1860-1879,vienna,sunset
91,Temme_EintragischesEnde.txt,1810.0,Ein tragisches Ende,Jodocus Temme,http://d-nb.info/gnd/118801597,Jodocus Donatus Hubertus,Temme,1798,1881,männlich,Temme_EintragischesEnde.txt,1860.0,Novelle,62029,Deutschland; Schweiz,https://www.projekt-gutenberg.org/temme/tragende/tragende.html,1780-1799,berlin,sunset
92,Heinse_HildegardvonHohenthal_zeno.txt,1810.0,Hildegard von Hohenthal,Johann Jakob Wilhelm Heinse,http://d-nb.info/gnd/118548565,Wilhelm,Heinse,1746,1803,männlich,Heinse_HildegardvonHohenthal_zeno.txt,1795.0,Roman,132330,Deutschland,"http://www.zeno.org/Literatur/M/Heinse,+Wilhelm/Roman/Hildegard+von+Hohenthal",1740-1759,vienna,sunset
93,Megede_UnterZigeunern.txt,1890.0,Unter Zigeunern,Johannes Richard zu Megede,http://d-nb.info/gnd/137755945,Johannes Richard zur Megede,No surename,1864,1906,männlich,Megede_UnterZigeunern.txt,1897.0,Roman,71828,Deutschland,https://www.projekt-gutenberg.org/megede/zigeuner/zigeuner.html,1860-1879,berlin,sunset
94,Megede_VonzarterHand.txt,1890.0,Von zarter Hand,Johannes Richard zu Megede,http://d-nb.info/gnd/137755945,Johannes Richard zur Megede,No surename,1864,1906,männlich,Megede_VonzarterHand.txt,1899.0,Roman,188893,Deutschland,https://www.projekt-gutenberg.org/megede/zarthand/zarthand.html,1860-1879,berlin,sunset
95,Rank_AusdemBöhmerwalde.txt,1840.0,Aus dem Böhmerwalde,Josef Rank,https://d-nb.info/gnd/118965885,Josef,Rank,1818,1898,männlich,Rank_AusdemBöhmerwalde.txt,1843.0,Erzählung,67751,Tschechische Republik; Österreich,https://www.projekt-gutenberg.org/rankjo/boehmerw/boehmerw.html,1800-1819,vienna,sunset
96,Rank_ErinnerungenausmeinemLeben.txt,1890.0,Erinnerungen aus meinem Leben,Josef Rank,https://d-nb.info/gnd/118965894,Josef,Rank,1827,1907,männlich,Rank_ErinnerungenausmeinemLeben.txt,1896.0,Erzählung,114891,Tschechische Republik; Österreich,https://www.projekt-gutenberg.org/rankjo/erinneru/erinneru.html,1820-1839,vienna,sunset
97,Rank_WeißdornblütenausdemBöhmerwälderundWienerVolksleben.txt,1840.0,Weißdornblüten aus dem Böhmerwälder und Wiener Volksleben,Josef Rank,https://d-nb.info/gnd/118965901,Josef,Rank,1834,1914,männlich,Rank_WeißdornblütenausdemBöhmerwälderundWienerVolksleben.txt,1848.0,Erzählung,60350,Tschechische Republik; Österreich,https://www.projekt-gutenberg.org/rankjo/weissdor/weissdor.html,1820-1839,vienna,sunset
98,Levy_DieGrandidiers_gutenberg.txt,1850.0,Die Grandidiers,Julius Rodenberg,http://d-nb.info/gnd/118601709,Julius,Rodenberg,1831,1914,männlich,Levy_DieGrandidiers_gutenberg.txt,1879.0,Roman,149879,Deutschland,https://www.projekt-gutenberg.org/rodenber/grandidi/grandidi.html,1820-1839,berlin,sunset
99,Voß_DieModendergutenaltenZeit.txt,1820.0,Die Moden der guten alten Zeit,Julius von Voß,http://d-nb.info/gnd/118627929,Julius von,Voß,1768,1832,männlich,Voß_DieModendergutenaltenZeit.txt,1827.0,Roman,46208,Deutschland,https://www.projekt-gutenberg.org/vossjul/modezeit/modezeit.html,1760-1779,berlin,sunset
100,varnhagen_denkwuerdigkeiten02_1837.txt,1830.0,Denkwürdigkeiten und vermischte Schriften,Karl August Varnhagen von Ense,http://d-nb.info/gnd/118626167,Karl August,Varnhagen von Ense,1785,1858,männlich,varnhagen_denkwuerdigkeiten02_1837.txt,1837.0,Prosa,100341,Deutschland; Russland; Österreich,https://www.deutschestextarchiv.de/book/show/varnhagen_denkwuerdigkeiten02_1837,1780-1799,berlin,sunset
101,Franzos_DerPojaz_gutenberg.txt,1860.0,Der Pojaz,Karl Emil Franzos,http://d-nb.info/gnd/118702599,Karl Emil,Franzos,1848,1904,männlich,Franzos_DerPojaz_gutenberg.txt,1905.0,Roman,140178,Deutschland; Polen; Österreich,https://www.projekt-gutenberg.org/franzos/pojaz/pojaz.html,1840-1859,vienna,sunset
102,Franzos_EinKampfumsRecht_gutenberg.txt,1860.0,Ein Kampf ums Recht,Karl Emil Franzos,http://d-nb.info/gnd/118702599,Karl Emil,Franzos,1848,1904,männlich,Franzos_EinKampfumsRecht_gutenberg.txt,1882.0,Roman,140817,Deutschland; Polen; Österreich,https://www.projekt-gutenberg.org/franzos/kampfrec/kampfrec.html,1840-1859,vienna,sunset
103,Franzos_NovellenumLiebeundEhe_gutenberg.txt,1860.0,Novellen um Liebe und Ehe,Karl Emil Franzos,http://d-nb.info/gnd/118702599,Karl Emil,Franzos,1848,1904,männlich,Franzos_NovellenumLiebeundEhe_gutenberg.txt,1905.0,Novelle,109790,Deutschland; Polen; Österreich,https://www.projekt-gutenberg.org/franzos/liebehe/liebehe.html,1840-1859,vienna,sunset
104,"Gutzkow_DerZauberervonRom,3.Buch.txt",1860.0,"Der Zauberer von Rom, 3. Buch",Karl Gutzkow,http://d-nb.info/gnd/118543830,Karl,Gutzkow,1811,1878,männlich,"Gutzkow_DerZauberervonRom,3.Buch.txt",1863.0,Roman,89523,Deutschland,https://www.projekt-gutenberg.org/gutzkow/zauber3/zauber3.html,1800-1819,vienna,sunset
105,"Gutzkow_DerZauberervonRom,5.Buch.txt",1860.0,"Der Zauberer von Rom, 5. Buch",Karl Gutzkow,http://d-nb.info/gnd/118543830,Karl,Gutzkow,1811,1878,männlich,"Gutzkow_DerZauberervonRom,5.Buch.txt",1863.0,Roman,170046,Deutschland,https://www.projekt-gutenberg.org/gutzkow/zauber5/zauber5.html,1800-1819,vienna,sunset
106,"Gutzkow_DerZauberervonRom,6.Buch.txt",1860.0,"Der Zauberer von Rom, 6. Buch",Karl Gutzkow,http://d-nb.info/gnd/118543830,Karl,Gutzkow,1811,1878,männlich,"Gutzkow_DerZauberervonRom,6.Buch.txt",1863.0,Roman,85170,Deutschland,https://www.projekt-gutenberg.org/gutzkow/zauber6/zauber6.html,1800-1819,vienna,sunset
107,"Gutzkow_DerZauberervonRom,7.Buch.txt",1860.0,"Der Zauberer von Rom, 7. Buch",Karl Gutzkow,http://d-nb.info/gnd/118543830,Karl,Gutzkow,1811,1878,männlich,"Gutzkow_DerZauberervonRom,7.Buch.txt",1863.0,Roman,84481,Deutschland,https://www.projekt-gutenberg.org/gutzkow/zauber7/zauber7.html,1800-1819,vienna,sunset
108,"Gutzkow_DerZauberervonRom,8.Buch.txt",1860.0,"Der Zauberer von Rom, 8. Buch",Karl Gutzkow,http://d-nb.info/gnd/118543830,Karl,Gutzkow,1811,1878,männlich,"Gutzkow_DerZauberervonRom,8.Buch.txt",1863.0,Roman,107887,Deutschland,https://www.projekt-gutenberg.org/gutzkow/zauber8/zauber8.html,1800-1819,vienna,sunset
109,Gutzkow_DieRittervomGeiste_zeno.txt,1830.0,Die Ritter vom Geiste,Karl Gutzkow,http://d-nb.info/gnd/118543830,Karl,Gutzkow,1811,1878,männlich,Gutzkow_DieRittervomGeiste_zeno.txt,1851.0,Roman,759896,Deutschland,"http://www.zeno.org/Literatur/M/Gutzkow,+Karl/Romane/Die+Ritter+vom+Geiste",1800-1819,vienna,sunset
110,Gutzkow_Hohenschwangau.txt,1860.0,Hohenschwangau,Karl Gutzkow,http://d-nb.info/gnd/118543830,Karl,Gutzkow,1811,1878,männlich,Gutzkow_Hohenschwangau.txt,1867.0,Roman,223714,Deutschland,https://www.projekt-gutenberg.org/gutzkow/hohensch/hohensch.html,1800-1819,vienna,sunset
111,May_DerWegzumGlück.FünfterBand.txt,1880.0,Der Weg zum Glück. Fünfter Band,Karl May,http://d-nb.info/gnd/118818651,Karl,May,1842,1912,männlich,May_DerWegzumGlück.FünfterBand.txt,1886.0,Roman,167388,Deutschland,https://www.projekt-gutenberg.org/may/wegglue5/wegglue5.html,1840-1859,vienna,sunset
112,May_DerWegzumGlück.SechsterBand.txt,1880.0,Der Weg zum Glück. Sechster Band,Karl May,http://d-nb.info/gnd/118818651,Karl,May,1842,1912,männlich,May_DerWegzumGlück.SechsterBand.txt,1886.0,Roman,144241,Deutschland,https://www.projekt-gutenberg.org/may/wegglue6/wegglue6.html,1840-1859,vienna,sunset
113,May_DerWegzumGlück.VierterBand.txt,1880.0,Der Weg zum Glück. Vierter Band,Karl May,http://d-nb.info/gnd/118818651,Karl,May,1842,1912,männlich,May_DerWegzumGlück.VierterBand.txt,1886.0,Roman,176809,Deutschland,https://www.projekt-gutenberg.org/may/wegglue4/wegglue4.html,1840-1859,vienna,sunset
114,May_DieLiebedesUlanen.Teil1.txt,1880.0,Die Liebe des Ulanen. Teil 1,Karl May,http://d-nb.info/gnd/118818651,Karl,May,1842,1912,männlich,May_DieLiebedesUlanen.Teil1.txt,1883.0,Roman,153629,Deutschland,https://www.projekt-gutenberg.org/may/ulan01/ulan01.html,1840-1859,berlin,sunset
115,May_DieLiebedesUlanen.Teil3.txt,1880.0,Die Liebe des Ulanen. Teil 3,Karl May,http://d-nb.info/gnd/118818651,Karl,May,1842,1912,männlich,May_DieLiebedesUlanen.Teil3.txt,1883.0,Roman,141205,Deutschland,https://www.projekt-gutenberg.org/may/ulan03/ulan03.html,1840-1859,berlin,sunset
116,May_DieLiebedesUlanen.Teil5.txt,1880.0,Die Liebe des Ulanen. Teil 5,Karl May,http://d-nb.info/gnd/118818651,Karl,May,1842,1912,männlich,May_DieLiebedesUlanen.Teil5.txt,1883.0,Roman,134749,Deutschland,https://www.projekt-gutenberg.org/may/ulan05/ulan05.html,1840-1859,berlin,sunset
117,Spindler_DerVogelhändlervonImst_gutenberg.txt,1810.0,Der Vogelhändler von Imst,Karl Spindler,http://d-nb.info/gnd/119164045,Karl,Spindler,1798,1857,männlich,Spindler_DerVogelhändlervonImst_gutenberg.txt,1841.0,Roman,219306,Deutschland,https://www.projekt-gutenberg.org/spindler/imst/imst.html,1780-1799,vienna,sunset
118,lasswitz_planeten02_1897.txt,1890.0,Auf zwei Planeten,Kurd Laßwitz,http://d-nb.info/gnd/118569961,Kurd,Laßwitz,1848,1910,männlich,lasswitz_planeten02_1897.txt,1897.0,Roman,117091,Deutschland,https://www.deutschestextarchiv.de/book/show/lasswitz_planeten02_1897,1840-1859,berlin,sunset
119,Fischer_FamilieDungs_gutenberg.txt,1880.0,Familie Dungs,Kurt Aram,http://d-nb.info/gnd/104086424,Kurt,Aram,1869,1934,männlich,Fischer_FamilieDungs_gutenberg.txt,1913.0,Roman,79160,Deutschland,https://www.projekt-gutenberg.org/aram/dungs/dungs.html,1860-1879,berlin,sunset
120,Fischer_Leda_gutenberg.txt,1880.0,Leda,Kurt Aram,http://d-nb.info/gnd/104086424,Kurt,Aram,1869,1934,männlich,Fischer_Leda_gutenberg.txt,1926.0,Roman,78586,Deutschland,https://www.projekt-gutenberg.org/aram/leda/leda.html,1860-1879,berlin,sunset
121,Leipziger_Mascotte.txt,1920.0,Mascotte,Leo Leipziger,https://d-nb.info/gnd/116884029,Leo,Leipziger,1861,1922,männlich,Leipziger_Mascotte.txt,1920.0,Roman,52845,Deutschland,https://www.projekt-gutenberg.org/leipzige/mascotte/mascotte.html,1860-1879,berlin,sunset
122,Sacher-Masoch_Lola_gutenberg.txt,1850.0,Lola,Leopold von Sacher-Masoch,http://d-nb.info/gnd/118604570,Leopold von,Sacher-Masoch,1836,1895,männlich,Sacher-Masoch_Lola_gutenberg.txt,1893.0,Erzählung,51523,Deutschland; Österreich,https://www.projekt-gutenberg.org/sacher-m/lola/lola.html,1820-1839,vienna,sunset
123,Schücking_AusdenTagendergroßenKaiserin.txt,1850.0,Aus den Tagen der großen Kaiserin,Levin Schücking,http://d-nb.info/gnd/118762109,Levin,Schücking,1814,1883,männlich,Schücking_AusdenTagendergroßenKaiserin.txt,1858.0,Novelle,72811,Deutschland,https://www.projekt-gutenberg.org/schueckg/gesno2-2/gesno2-2.html,1800-1819,vienna,sunset
124,Schücking_DerKampfimSpessart_gutenberg.txt,1830.0,Der Kampf im Spessart,Levin Schücking,http://d-nb.info/gnd/118762109,Levin,Schücking,1814,1883,männlich,Schücking_DerKampfimSpessart_gutenberg.txt,1875.0,Novelle,59744,Deutschland,https://www.projekt-gutenberg.org/schueckg/kampfspe/kampfspe.html,1800-1819,vienna,sunset
125,Schücking_DeutscheKämpferAnhang.txt,1870.0,Deutsche Kämpfer/Anhang,Levin Schücking,http://d-nb.info/gnd/118762109,Levin,Schücking,1814,1883,männlich,Schücking_DeutscheKämpferAnhang.txt,1870.0,Novelle,94504,Deutschland,https://www.projekt-gutenberg.org/schueckg/gesno2-7/gesno2-7.html,1800-1819,vienna,sunset
126,Schücking_EinSohndesVolkes.ErsterTheil.txt,1840.0,Ein Sohn des Volkes. Erster Theil,Levin Schücking,http://d-nb.info/gnd/118762109,Levin,Schücking,1814,1883,männlich,Schücking_EinSohndesVolkes.ErsterTheil.txt,1849.0,Roman,56556,Deutschland,https://www.projekt-gutenberg.org/schueckg/sohnvol1/sohnvol1.html,1800-1819,vienna,sunset
127,Schücking_EinSohndesVolkes.ZweiterTheil.txt,1840.0,Ein Sohn des Volkes. Zweiter Theil,Levin Schücking,http://d-nb.info/gnd/118762109,Levin,Schücking,1814,1883,männlich,Schücking_EinSohndesVolkes.ZweiterTheil.txt,1849.0,Roman,53505,Deutschland,https://www.projekt-gutenberg.org/schueckg/sohnvol2/sohnvol2.html,1800-1819,vienna,sunset
128,Schücking_EinesKriegsknechtsAbenteuer.txt,1860.0,Eines Kriegsknechts Abenteuer,Levin Schücking,http://d-nb.info/gnd/118762109,Levin,Schücking,1814,1883,männlich,Schücking_EinesKriegsknechtsAbenteuer.txt,1861.0,Novelle,77095,Deutschland,https://www.projekt-gutenberg.org/schueckg/gesno2-3/gesno2-3.html,1800-1819,vienna,sunset
129,Braun_Lebenssucher_gutenberg.txt,1880.0,Lebenssucher,Lily Braun,http://d-nb.info/gnd/11867353X,Lily,Braun,1865,1916,weiblich,Braun_Lebenssucher_gutenberg.txt,1915.0,Roman,116660,Deutschland,https://www.projekt-gutenberg.org/braun/lebenssu/lebenssu.html,1860-1879,berlin,sunset
130,Aston_RevolutionundContrerevolution_zeno.txt,1830.0,Revolution und Contrerevolution,Louise Aston,http://d-nb.info/gnd/118590901,Louise,Otto-Peters,1819,1895,weiblich,Aston_RevolutionundContrerevolution_zeno.txt,1849.0,Roman,69936,Deutschland,"http://www.zeno.org/Literatur/M/Aston,+Louise/Romane/Revolution+und+Contrerevolution",1800-1819,vienna,sunset
131,Otto-Peters_Nürnberg_zeno.txt,1830.0,Nürnberg,Louise Otto-Peters,http://d-nb.info/gnd/118590901,Louise,Otto-Peters,1819,1895,weiblich,Otto-Peters_Nürnberg_zeno.txt,1859.0,Roman,151948,Deutschland,"http://www.zeno.org/Literatur/M/Otto,+Louise/Romane/N%C3%BCrnberg",1800-1819,vienna,sunset
132,Rellstab_1812_gutenberg.txt,1810.0,1812,Ludwig Rellstab,https://d-nb.info/gnd/118744453,Ludwig,Rellstab,1799,1860,männlich,Rellstab_1812_gutenberg.txt,1834.0,Roman,363831,Deutschland,https://www.projekt-gutenberg.org/rellstab/1812/1812.html,1780-1799,berlin,sunset
133,Thoma_Altaich.txt,1910.0,Altaich,Ludwig Thoma,http://d-nb.info/gnd/118622072,Ludwig,Thoma,1867,1921,männlich,Thoma_Altaich.txt,1918.0,Erzählung,68012,Deutschland,https://www.projekt-gutenberg.org/thoma/altaich/altaich.html,1860-1879,berlin,sunset
134,Glass_GustelWildfang.txt,1900.0,Gustel Wildfang,Luise Glass,https://d-nb.info/gnd/116654288,Luise,Glass,1858,1933,weiblich,Glass_GustelWildfang.txt,1900.0,Roman,89159,Deutschland,https://www.projekt-gutenberg.org/glass/gustel/gustel.html,1840-1859,berlin,sunset
135,Mühlbach_BerlinundSansouccioderFriedrichderGroßeundseineFreunde.ErstesBuch.txt,1910.0,Berlin und Sansoucci oder Friedrich der Große und seine Freunde. Erstes Buch,Luise Mühlbach,https://d-nb.info/gnd/118585754,Luise,Mühlbach,1814,1873,weiblich,Mühlbach_BerlinundSansouccioderFriedrichderGroßeundseineFreunde.ErstesBuch.txt,1912.0,Roman,44560,Deutschland,https://www.projekt-gutenberg.org/muehlbac/berlin1/berlin1.html,1800-1819,berlin,sunset
136,Mühlbach_BerlinundSansoucci.DrittesBuch.txt,1910.0,Berlin und Sansoucci. Drittes Buch,Luise Mühlbach,https://d-nb.info/gnd/118585755,Luise,Mühlbach,1815,1874,weiblich,Mühlbach_BerlinundSansoucci.DrittesBuch.txt,1912.0,Roman,57778,Deutschland,https://www.projekt-gutenberg.org/muehlbac/berlin3/berlin3.html,1800-1819,berlin,sunset
137,Mühlbach_BerlinundSansoucci.ViertesBuch.txt,1910.0,Berlin und Sansoucci. Viertes Buch,Luise Mühlbach,https://d-nb.info/gnd/118585756,Luise,Mühlbach,1816,1875,weiblich,Mühlbach_BerlinundSansoucci.ViertesBuch.txt,1912.0,Roman,58246,Deutschland,https://www.projekt-gutenberg.org/muehlbac/berlin4/berlin4.html,1800-1819,berlin,sunset
138,Ebner-Eschenbach_ErzählungenAutobiographisches_gutenberg.txt,1850.0,"Erzählungen, Autobiographisches",Marie von Ebner-Eschenbach,http://d-nb.info/gnd/118528661,Marie von,Ebner-Eschenbach,1830,1916,weiblich,Ebner-Eschenbach_ErzählungenAutobiographisches_gutenberg.txt,1893.0,Erzählung,316074,Deutschland; Tschechische Republik; Österreich,https://www.projekt-gutenberg.org/ebnresch/erzauto/erzauto.html,1820-1839,vienna,sunset
139,Eyth_DerSchneidervonUlm.ErsterBand.txt,1900.0,Der Schneider von Ulm. Erster Band,Max Eyth,http://d-nb.info/gnd/118531603,Max,Eyth,1836,1906,männlich,Eyth_DerSchneidervonUlm.ErsterBand.txt,1906.0,Roman,106391,Deutschland; Großbritannien; Ägypten,https://www.projekt-gutenberg.org/eyth/ulm/ulm.html,1820-1839,vienna,sunset
140,Eyth_DerSchneidervonUlm.ZweiterBand.txt,1900.0,Der Schneider von Ulm. Zweiter Band,Max Eyth,http://d-nb.info/gnd/118531603,Max,Eyth,1836,1906,männlich,Eyth_DerSchneidervonUlm.ZweiterBand.txt,1906.0,Roman,123751,Deutschland; Großbritannien; Ägypten,https://www.projekt-gutenberg.org/eyth/ulm2/ulm2.html,1820-1839,vienna,sunset
141,Schmidt_DieKünischenFreibauern.txt,1900.0,Die Künischen Freibauern,Maximilian Schmidt,http://d-nb.info/gnd/118608886,Maximilian,Schmidt,1832,1919,männlich,Schmidt_DieKünischenFreibauern.txt,1905.0,Roman,68821,Deutschland,https://www.projekt-gutenberg.org/schmidtm/freibau/freibau.html,1820-1839,vienna,sunset
142,Hunnius_MeinWegzurKunst_gutenberg.txt,1870.0,Mein Weg zur Kunst,Monika Hunnius,http://d-nb.info/gnd/118815466,Monika,Hunnius,1858,1934,weiblich,Hunnius_MeinWegzurKunst_gutenberg.txt,1925.0,Roman,108780,Deutschland; Lettland,https://www.projekt-gutenberg.org/hunnius/wegkunst/wegkunst.html,1840-1859,berlin,sunset
143,Thümmel_ReiseindiemittäglichenProvinzenvonFrankreichimJahre1785-1786_zeno.txt,1810.0,Reise in die mittäglichen Provinzen von Frankreich im Jahre 1785-1786,Moritz August von Thümmel,http://d-nb.info/gnd/118622358,Moritz August von,Thümmel,1738,1817,männlich,Thümmel_ReiseindiemittäglichenProvinzenvonFrankreichimJahre1785-1786_zeno.txt,1803.0,Roman,289769,Deutschland,"http://www.zeno.org/Literatur/M/Th%C3%BCmmel,+Moritz+August+von/Roman/Reise+in+die+mitt%C3%A4glichen+Provinzen+von+Frankreich+im+Jahre+1785-1786",1720-1739,berlin,sunset
144,Höcker_DieSonnevonStMoritz_gutenberg.txt,1860.0,Die Sonne von St. Moritz,Oskar Höcker,http://d-nb.info/gnd/116923873,Oskar,Höcker,1840,1894,männlich,Höcker_DieSonnevonStMoritz_gutenberg.txt,1910.0,Roman,54361,Deutschland,https://www.projekt-gutenberg.org/hoecker/stmoritz/stmoritz.html,1840-1859,berlin,sunset
145,Kirschner_DerRosenkavalier_gutenberg.txt,1870.0,Der Rosenkavalier,Ossip Schubin,http://d-nb.info/gnd/117116955,Ossip,Schubin,1854,1934,weiblich,Kirschner_DerRosenkavalier_gutenberg.txt,1924.0,Roman,44452,unknown,https://www.projekt-gutenberg.org/schubin/rosenkav/rosenkav.html,1840-1859,vienna,sunset
146,Kirschner_GräfinErikasLehr-undWanderjahre_gutenberg.txt,1870.0,Gräfin Erikas Lehr- und Wanderjahre,Ossip Schubin,http://d-nb.info/gnd/117116955,Ossip,Schubin,1854,1934,weiblich,Kirschner_GräfinErikasLehr-undWanderjahre_gutenberg.txt,1892.0,Roman,130460,unknown,https://www.projekt-gutenberg.org/schubin/erika/erika.html,1840-1859,berlin,sunset
147,Schmidt_SemperderMann_gutenberg.txt,1880.0,Semper der Mann,Otto Ernst,http://d-nb.info/gnd/118682342,Otto,Ernst,1862,1926,männlich,Schmidt_SemperderMann_gutenberg.txt,1916.0,Roman,92267,Deutschland,https://www.projekt-gutenberg.org/ernst/semper3/semper3.html,1860-1879,berlin,sunset
148,Bierbaum_DieFreiersfahrtenundFreiersmeinungendesweiberfeindlichenHerrnPankraziusGraunzer_gutenberg.txt,1880.0,Die Freiersfahrten und Freiersmeinungen des weiberfeindlichen Herrn Pankrazius Graunzer,Otto Julius Bierbaum,http://d-nb.info/gnd/118510762,Otto Julius,Bierbaum,1865,1910,männlich,Bierbaum_DieFreiersfahrtenundFreiersmeinungendesweiberfeindlichenHerrnPankraziusGraunzer_gutenberg.txt,1898.0,Roman,52589,Deutschland; Polen,https://www.projekt-gutenberg.org/bierbaum/graunzer/graunzer.html,1860-1879,berlin,sunset
149,Bierbaum_PrinzKuckuck_gutenberg.txt,1880.0,Prinz Kuckuck,Otto Julius Bierbaum,http://d-nb.info/gnd/118510762,Otto Julius,Bierbaum,1865,1910,männlich,Bierbaum_PrinzKuckuck_gutenberg.txt,1906.0,Roman,236963,Deutschland; Polen,https://www.projekt-gutenberg.org/bierbaum/kuckuck/kuckuck.html,1860-1879,vienna,sunset
150,Stoessl_Menschendämmerung_gutenberg.txt,1890.0,Menschendämmerung,Otto Stoessl,http://d-nb.info/gnd/118798987,Otto,Stoessl,1875,1936,männlich,Stoessl_Menschendämmerung_gutenberg.txt,1929.0,Novelle,75404,Deutschland; Österreich,https://www.projekt-gutenberg.org/stoessl/menschdm/menschdm.html,1860-1879,vienna,sunset
151,Stoessl_Morgenrot_gutenberg.txt,1890.0,Morgenrot,Otto Stoessl,http://d-nb.info/gnd/118798987,Otto,Stoessl,1875,1936,männlich,Stoessl_Morgenrot_gutenberg.txt,1912.0,Roman,110831,Deutschland; Österreich,https://www.projekt-gutenberg.org/stoessl/morgrot/morgrot.html,1860-1879,vienna,sunset
152,Stoessl_Nachtgeschichten_gutenberg.txt,1890.0,Nachtgeschichten,Otto Stoessl,http://d-nb.info/gnd/118798987,Otto,Stoessl,1875,1936,männlich,Stoessl_Nachtgeschichten_gutenberg.txt,1926.0,Erzählung,65539,Deutschland; Österreich,https://www.projekt-gutenberg.org/stoessl/nachtges/nachtges.html,1860-1879,vienna,sunset
153,Stoessl_SonjasletzterName_gutenberg.txt,1890.0,Sonjas letzter Name,Otto Stoessl,http://d-nb.info/gnd/118798987,Otto,Stoessl,1875,1936,männlich,Stoessl_SonjasletzterName_gutenberg.txt,1908.0,Roman,57916,Deutschland; Österreich,https://www.projekt-gutenberg.org/stoessl/sonjas/sonjas.html,1860-1879,vienna,sunset
154,Ernst_DerschmaleWegzumGlück_gutenberg.txt,1880.0,Der schmale Weg zum Glück,Paul Ernst,http://d-nb.info/gnd/118530909,Paul,Ernst,1866,1933,männlich,Ernst_DerschmaleWegzumGlück_gutenberg.txt,1904.0,Roman,99598,Deutschland; Österreich,https://www.projekt-gutenberg.org/ernstp/schmalgl/schmalgl.html,1860-1879,berlin,sunset
155,Heyse_KinderderWelt_gutenberg.txt,1850.0,Kinder der Welt,Paul Heyse,http://d-nb.info/gnd/118550772,Paul,Heyse,1830,1914,männlich,Heyse_KinderderWelt_gutenberg.txt,1872.0,Roman,231016,Deutschland,https://www.projekt-gutenberg.org/heyse/kindwelt/kindwelt.html,1820-1839,berlin,sunset
156,Heyse_MenschenundSchicksale.txt,1900.0,Menschen und Schicksale,Paul Heyse,http://d-nb.info/gnd/118550772,Paul,Heyse,1830,1914,männlich,Heyse_MenschenundSchicksale.txt,1908.0,Novelle,88321,Deutschland,https://www.projekt-gutenberg.org/heyse/menschic/menschic.html,1820-1839,berlin,sunset
157,Langenscheidt_BlondesGift_gutenberg.txt,1880.0,Blondes Gift,Paul Langenscheidt,https://d-nb.info/gnd/116708131,Paul,Langenscheidt,1860,1925,männlich,Langenscheidt_BlondesGift_gutenberg.txt,1912.0,Roman,59442,Deutschland,https://www.projekt-gutenberg.org/langens/blongift/blongift.html,1860-1879,berlin,sunset
158,Schreckenbach_DerdeutscheHerzog_gutenberg.txt,1880.0,Der deutsche Herzog,Paul Schreckenbach,http://d-nb.info/gnd/117033669,Paul,Schreckenbach,1866,1923,männlich,Schreckenbach_DerdeutscheHerzog_gutenberg.txt,1922.0,Roman,73926,Deutschland,https://www.projekt-gutenberg.org/schrecke/deutherz/deutherz.html,1860-1879,vienna,sunset
159,Schreckenbach_DergetreueKleist_gutenberg.txt,1880.0,Der getreue Kleist,Paul Schreckenbach,http://d-nb.info/gnd/117033669,Paul,Schreckenbach,1866,1923,männlich,Schreckenbach_DergetreueKleist_gutenberg.txt,1909.0,Roman,72256,Deutschland,https://www.projekt-gutenberg.org/schrecke/kleist/kleist.html,1860-1879,berlin,sunset
160,Roßegger_WaldheimatErzählungenausderJugendzeit_zeno.txt,1860.0,Waldheimat. Erzählungen aus der Jugendzeit,Peter Rosegger,http://d-nb.info/gnd/118602667,Peter,Rosegger,1843,1918,männlich,Roßegger_WaldheimatErzählungenausderJugendzeit_zeno.txt,1877.0,Erzählung,362803,Deutschland; Österreich,"http://www.zeno.org/Literatur/M/Rosegger,+Peter/Erz%C3%A4hlungen/Waldheimat.+Erz%C3%A4hlungen+aus+der+Jugendzeit",1840-1859,vienna,sunset
161,Schweichel_DerFalknervonSt.Vigil.txt,1880.0,Der Falkner von St. Vigil,Robert Schweichel,http://d-nb.info/gnd/117397032,Robert,Schweichel,1821,1907,männlich,Schweichel_DerFalknervonSt.Vigil.txt,1881.0,Roman,232705,Deutschland,https://www.projekt-gutenberg.org/schweich/stvigil/stvigil.html,1820-1839,vienna,sunset
162,Hawel_DrThornsLebensabend_gutenberg.txt,1880.0,Dr. Thorns Lebensabend,Rudolf Hawel,http://d-nb.info/gnd/137795106,Rudolf,Hawel,1860,1923,männlich,Hawel_DrThornsLebensabend_gutenberg.txt,1916.0,Roman,94389,Deutschland; Österreich,https://www.projekt-gutenberg.org/hawel/thorn/thorn.html,1860-1879,vienna,sunset
163,Stratz_ArmeThea.txt,1890.0,Arme Thea,Rudolph Stratz,http://d-nb.info/gnd/117309087,Rudolf,Stratz,1864,1936,männlich,Stratz_ArmeThea.txt,1896.0,Roman,54790,Deutschland,https://www.projekt-gutenberg.org/stratz/armethea/armethea.html,1860-1879,berlin,sunset
164,Stratz_DasLichtvonOsten.txt,1910.0,Das Licht von Osten,Rudolph Stratz,http://d-nb.info/gnd/117309087,Rudolf,Stratz,1864,1936,männlich,Stratz_DasLichtvonOsten.txt,1919.0,Roman,107319,Deutschland,https://www.projekt-gutenberg.org/stratz/lichtost/lichtost.html,1860-1879,berlin,sunset
165,Stratz_DiekleineElten.txt,1890.0,Die kleine Elten,Rudolph Stratz,http://d-nb.info/gnd/117309087,Rudolf,Stratz,1864,1936,männlich,Stratz_DiekleineElten.txt,1895.0,Roman,60865,Deutschland,https://www.projekt-gutenberg.org/stratz/elten/elten.html,1860-1879,berlin,sunset
166,Stratz_DuSchwertanmeinerLinken.txt,1910.0,Du Schwert an meiner Linken,Rudolph Stratz,http://d-nb.info/gnd/117309087,Rudolf,Stratz,1864,1936,männlich,Stratz_DuSchwertanmeinerLinken.txt,1912.0,Roman,112541,Deutschland,https://www.projekt-gutenberg.org/stratz/duschwer/duschwer.html,1860-1879,berlin,sunset
167,Stratz_FürDich.txt,1900.0,Für Dich,Rudolph Stratz,http://d-nb.info/gnd/117309087,Rudolf,Stratz,1864,1936,männlich,Stratz_FürDich.txt,1909.0,Roman,107226,Deutschland,https://www.projekt-gutenberg.org/stratz/fuerdich/fuerdich.html,1860-1879,berlin,sunset
168,Stratz_Herzblut_gutenberg.txt,1880.0,Herzblut,Rudolph Stratz,http://d-nb.info/gnd/117309087,Rudolf,Stratz,1864,1936,männlich,Stratz_Herzblut_gutenberg.txt,1908.0,Roman,95117,Deutschland,https://www.projekt-gutenberg.org/stratz/herzblut/herzblut.html,1860-1879,berlin,sunset
169,Stratz_Hexenkessel_gutenberg.txt,1880.0,Hexenkessel,Rudolph Stratz,http://d-nb.info/gnd/117309087,Rudolf,Stratz,1864,1936,männlich,Stratz_Hexenkessel_gutenberg.txt,1927.0,Roman,90561,Deutschland,https://www.projekt-gutenberg.org/stratz/hexenkes/hexenkes.html,1860-1879,berlin,sunset
170,Stratz_KarusselBerlin_gutenberg.txt,1880.0,Karussel Berlin,Rudolph Stratz,http://d-nb.info/gnd/117309087,Rudolf,Stratz,1864,1936,männlich,Stratz_KarusselBerlin_gutenberg.txt,1931.0,Roman,81575,Deutschland,https://www.projekt-gutenberg.org/stratz/karussel/karussel.html,1860-1879,berlin,sunset
171,Stratz_LiebVaterland.txt,1910.0,Lieb Vaterland,Rudolph Stratz,http://d-nb.info/gnd/117309087,Rudolf,Stratz,1864,1936,männlich,Stratz_LiebVaterland.txt,1911.0,Roman,78555,Deutschland,https://www.projekt-gutenberg.org/stratz/vaterlan/vaterlan.html,1860-1879,berlin,sunset
172,Goedsche_Biarritz.BandII.txt,1860.0,Biarritz. Band II,Sir John Retcliffe,https://d-nb.info/gnd/118599880,John,Retcliff,1817,1879,männlich,Goedsche_Biarritz.BandII.txt,1868.0,Roman,103388,Deutschland,https://www.projekt-gutenberg.org/retcliff/biarrit2/biarrit2.html,1800-1819,vienna,sunset
173,Goedsche_Biarritz.BandIII.txt,1860.0,Biarritz. Band III,Sir John Retcliffe,https://d-nb.info/gnd/118599881,John,Retcliff,1818,1880,männlich,Goedsche_Biarritz.BandIII.txt,1868.0,Roman,101372,Deutschland,https://www.projekt-gutenberg.org/retcliff/biarrit3/biarrit3.html,1800-1819,berlin,sunset
174,Goedsche_MagentaundSolferino.BandI.txt,1860.0,Magenta und Solferino. Band I,Sir John Retcliffe,https://d-nb.info/gnd/118599890,John,Retcliff,1827,1889,männlich,Goedsche_MagentaundSolferino.BandI.txt,1864.0,Roman,97386,Deutschland,https://www.projekt-gutenberg.org/retcliff/magsolf1/magsolf1.html,1820-1839,vienna,sunset
175,Goedsche_MagentaundSolferino.BandIII.txt,1860.0,Magenta und Solferino. Band III,Sir John Retcliffe,https://d-nb.info/gnd/118599892,John,Retcliff,1829,1891,männlich,Goedsche_MagentaundSolferino.BandIII.txt,1864.0,Roman,94812,Deutschland,https://www.projekt-gutenberg.org/retcliff/magsolf3/magsolf3.html,1820-1839,vienna,sunset
176,Goedsche_MagentaundSolferino.BandIV.txt,1860.0,Magenta und Solferino. Band IV,Sir John Retcliffe,https://d-nb.info/gnd/118599893,John,Retcliff,1830,1892,männlich,Goedsche_MagentaundSolferino.BandIV.txt,1864.0,Roman,91275,Deutschland,https://www.projekt-gutenberg.org/retcliff/magsolf4/magsolf4.html,1820-1839,vienna,sunset
177,Goedsche_Sebastopol_zeno.txt,1850.0,Sebastopol,Sir John Retcliffe,https://d-nb.info/gnd/118599898,John,Retcliff,1835,1897,männlich,Goedsche_Sebastopol_zeno.txt,1855.0,Roman,329010,Deutschland,"http://www.zeno.org/Literatur/M/Goedsche,+Herrmann/Roman/Sebastopol",1820-1839,vienna,sunset
178,Goedsche_Villafranca.txt,1860.0,"Villafranca, oder: Die Kabinette und die Revolutionen. Band I",Sir John Retcliffe,https://d-nb.info/gnd/118599899,John,Retcliff,1836,1898,männlich,Goedsche_Villafranca.txt,1860.0,Roman,115741,Deutschland,https://www.projekt-gutenberg.org/retcliff/villafr1/villafr1.html,1820-1839,vienna,sunset
179,Goedsche_VillafrancaII.txt,1860.0,"Villafranca, oder: Die Kabinette und die Revolutionen. Band II",Sir John Retcliffe,https://d-nb.info/gnd/118599900,John,Retcliff,1837,1899,männlich,Goedsche_VillafrancaII.txt,1860.0,Roman,118504,Deutschland,https://www.projekt-gutenberg.org/retcliff/villafr2/villafr2.html,1820-1839,vienna,sunset
180,Goedsche_ZehnJahre!!BandII.txt,1860.0,Zehn Jahre!! Band II,Sir John Retcliffe,https://d-nb.info/gnd/118599904,John,Retcliff,1841,1903,männlich,Goedsche_ZehnJahre!!BandII.txt,1861.0,Roman,95395,Deutschland,https://www.projekt-gutenberg.org/retcliff/10jahr-2/10jahr-2.html,1840-1859,berlin,sunset
181,Goedsche_ZehnJahre!!BandIV.txt,1860.0,Zehn Jahre!! Band IV,Sir John Retcliffe,https://d-nb.info/gnd/118599906,John,Retcliff,1843,1905,männlich,Goedsche_ZehnJahre!!BandIV.txt,1861.0,Roman,97000,Deutschland,https://www.projekt-gutenberg.org/retcliff/10jahr-4/10jahr-4.html,1840-1859,berlin,sunset
182,Grossmann_DiePartei_gutenberg.txt,1890.0,Die Partei,Stefan Grossmann,http://d-nb.info/gnd/118542664,Stefan,Großmann,1875,1935,männlich,Grossmann_DiePartei_gutenberg.txt,1919.0,Roman,79367,Deutschland; Österreich,https://www.projekt-gutenberg.org/grossman/partei/partei.html,1860-1879,vienna,sunset
183,fontane_briest_1896.txt,1890.0,Effi Briest,Theodor Fontane,http://d-nb.info/gnd/118534262,Theodor,Fontane,1819,1898,männlich,fontane_briest_1896.txt,1896.0,Roman,96367,Deutschland,https://www.deutschestextarchiv.de/book/show/fontane_briest_1896,1800-1819,berlin,sunset
184,Fontane_GrafPetöfy_zeno.txt,1830.0,Graf Petöfy,Theodor Fontane,http://d-nb.info/gnd/118534262,Theodor,Fontane,1819,1898,männlich,Fontane_GrafPetöfy_zeno.txt,1883.0,Roman,59420,Deutschland,"http://www.zeno.org/Literatur/M/Fontane,+Theodor/Romane/Graf+Pet%C3%B6fy",1800-1819,vienna,sunset
185,Mügge_DieböseGräfin.txt,1850.0,Die böse Gräfin,Theodor Mügge,http://d-nb.info/gnd/119044765,Theodor,Mügge,1806,1861,männlich,Mügge_DieböseGräfin.txt,1854.0,Novelle,44370,Deutschland,https://www.projekt-gutenberg.org/muegge/09boesgr/09boesgr.html,1800-1819,vienna,sunset
186,Mügge_DieErben.txt,1850.0,Die Erben,Theodor Mügge,http://d-nb.info/gnd/119044765,Theodor,Mügge,1806,1861,männlich,Mügge_DieErben.txt,1850.0,Novelle,40676,Deutschland,https://www.projekt-gutenberg.org/muegge/02-erben/02-erben.html,1800-1819,vienna,sunset
187,Mügge_ErinnerungeneinesDiplomaten.txt,1850.0,Erinnerungen eines Diplomaten,Theodor Mügge,http://d-nb.info/gnd/119044765,Theodor,Mügge,1806,1861,männlich,Mügge_ErinnerungeneinesDiplomaten.txt,1854.0,Novelle,55205,Deutschland,https://www.projekt-gutenberg.org/muegge/05erinne/05erinne.html,1800-1819,vienna,sunset
188,Riehl_DurchtausendJahreBand2_gutenberg.txt,1840.0,"Durch tausend Jahre, Band 2",Wilhelm Heinrich Riehl,http://d-nb.info/gnd/118600850,Wilhelm Heinrich,Riehl,1823,1897,männlich,Riehl_DurchtausendJahreBand2_gutenberg.txt,1856.0,Novelle,137239,Deutschland,https://www.projekt-gutenberg.org/riehl/kultnov2/kultnov2.html,1820-1839,vienna,sunset
189,Riehl_DurchtausendJahreBand3_gutenberg.txt,1840.0,"Durch tausend Jahre, Band 3",Wilhelm Heinrich Riehl,http://d-nb.info/gnd/118600850,Wilhelm Heinrich,Riehl,1823,1897,männlich,Riehl_DurchtausendJahreBand3_gutenberg.txt,1861.0,Novelle,134956,Deutschland,https://www.projekt-gutenberg.org/riehl/kultnov3/kultnov3.html,1820-1839,vienna,sunset
190,Riehl_DurchtausendJahreBand4_gutenberg.txt,1840.0,"Durch tausend Jahre, Band 4",Wilhelm Heinrich Riehl,http://d-nb.info/gnd/118600850,Wilhelm Heinrich,Riehl,1823,1897,männlich,Riehl_DurchtausendJahreBand4_gutenberg.txt,1879.0,Novelle,116205,Deutschland,https://www.projekt-gutenberg.org/riehl/kultnov4/kultnov4.html,1820-1839,vienna,sunset
191,Riehl_KulturgeschichtlicheNovellen_zeno.txt,1840.0,Kulturgeschichtliche Novellen,Wilhelm Heinrich Riehl,http://d-nb.info/gnd/118600850,Wilhelm Heinrich,Riehl,1823,1897,männlich,Riehl_KulturgeschichtlicheNovellen_zeno.txt,1864.0,Erzählung,94681,Deutschland,"http://www.zeno.org/Literatur/M/Riehl,+Wilhelm+Heinrich+von/Erz%C3%A4hlungen/Kulturgeschichtliche+Novellen",1820-1839,vienna,sunset
192,Meyer-Förster_Heidenstamm_gutenberg.txt,1880.0,Heidenstamm,Wilhelm Meyer-Förster,http://d-nb.info/gnd/117004057,Wilhelm,Meyer-Förster,1862,1934,männlich,Meyer-Förster_Heidenstamm_gutenberg.txt,1901.0,Roman,53677,Deutschland,https://www.projekt-gutenberg.org/meyerfoe/heidenst/heidenst.html,1860-1879,berlin,sunset
193,Raabe_AlteNester_zeno.txt,1850.0,Alte Nester,Wilhelm Raabe,http://d-nb.info/gnd/118597442,Wilhelm,Raabe,1831,1910,männlich,Raabe_AlteNester_zeno.txt,1880.0,Roman,83816,Deutschland,"http://www.zeno.org/Literatur/M/Raabe,+Wilhelm/Romane/Alte+Nester",1820-1839,berlin,sunset
194,Raabe_DerSchüdderump_zeno.txt,1850.0,Der Schüdderump,Wilhelm Raabe,http://d-nb.info/gnd/118597442,Wilhelm,Raabe,1831,1910,männlich,Raabe_DerSchüdderump_zeno.txt,1869.0,Roman,117175,Deutschland,"http://www.zeno.org/Literatur/M/Raabe,+Wilhelm/Romane/Der+Sch%C3%BCdderump",1820-1839,vienna,sunset
195,raabe_akten_1896.txt,1890.0,Die Akten des Vogelsangs,Wilhelm Raabe,http://d-nb.info/gnd/118597442,Wilhelm,Raabe,1831,1910,männlich,raabe_akten_1896.txt,1896.0,Roman,62058,Deutschland,https://www.deutschestextarchiv.de/book/show/raabe_akten_1896,1820-1839,berlin,sunset
196,Raabe_DieAktendesVogelsangs.txt,1890.0,Die Akten des Vogelsangs,Wilhelm Raabe,http://d-nb.info/gnd/118597442,Wilhelm,Raabe,1831,1910,männlich,Raabe_DieAktendesVogelsangs.txt,1896.0,Roman,61784,Deutschland,https://www.projekt-gutenberg.org/raabe/akten/akten.html,1820-1839,berlin,sunset
197,Raabe_Holunderblüte.txt,1860.0,Holunderblüte,Wilhelm Raabe,http://d-nb.info/gnd/118597442,Wilhelm,Raabe,1831,1910,männlich,Raabe_Holunderblüte.txt,1863.0,Novelle,62231,Deutschland,https://www.projekt-gutenberg.org/raabe/gutmanns/gutmanns.html,1820-1839,vienna,sunset
198,Raabe_PfistersMühle.txt,1880.0,Pfisters Mühle,Wilhelm Raabe,http://d-nb.info/gnd/118597442,Wilhelm,Raabe,1831,1910,männlich,Raabe_PfistersMühle.txt,1884.0,Erzählung,52999,Deutschland,https://www.projekt-gutenberg.org/raabe/pfister/pfister.html,1820-1839,berlin,sunset
199,Polenz_Liebeistewig.txt,1900.0,Liebe ist ewig,Wilhelm von Polenz,http://d-nb.info/gnd/118803336,Wilhelm von,Polenz,1861,1903,männlich,Polenz_Liebeistewig.txt,1901.0,Roman,86681,Deutschland,https://www.projekt-gutenberg.org/polenz/liebewig/liebewig.html,1860-1879,berlin,sunset
200,Polenz_WurzellockerBand1_gutenberg.txt,1880.0,"Wurzellocker, Band 1",Wilhelm von Polenz,http://d-nb.info/gnd/118803336,Wilhelm von,Polenz,1861,1903,männlich,Polenz_WurzellockerBand1_gutenberg.txt,1902.0,Roman,59910,Deutschland,https://www.projekt-gutenberg.org/polenz/wurzel1/wurzel1.html,1860-1879,berlin,sunset
201,Häring_AlsKriegsfreiwilligernachFrankreich_gutenberg.txt,1810.0,Als Kriegsfreiwilliger nach Frankreich,Willibald Alexis,http://d-nb.info/gnd/118648071,Willibald,Alexis,1798,1871,männlich,Häring_AlsKriegsfreiwilligernachFrankreich_gutenberg.txt,1815.0,Roman,55288,Deutschland,https://www.projekt-gutenberg.org/alexis/freiwill/freiwill.html,1780-1799,berlin,sunset
202,Häring_Cabanis_gutenberg.txt,1810.0,Cabanis,Willibald Alexis,http://d-nb.info/gnd/118648071,Willibald,Alexis,1798,1871,männlich,Häring_Cabanis_gutenberg.txt,1832.0,Roman,127162,Deutschland,https://www.projekt-gutenberg.org/alexis/cabanis/cabanis.html,1780-1799,berlin,sunset
203,Häring_DerRolandvonBerlin.Band1.txt,1840.0,Der Roland von Berlin. Band 1,Willibald Alexis,http://d-nb.info/gnd/118648071,Willibald,Alexis,1798,1871,männlich,Häring_DerRolandvonBerlin.Band1.txt,1840.0,Roman,71871,Deutschland,https://www.projekt-gutenberg.org/alexis/roland1/roland1.html,1780-1799,berlin,sunset
204,Häring_DerRolandvonBerlin.Band2.txt,1840.0,Der Roland von Berlin. Band 2,Willibald Alexis,http://d-nb.info/gnd/118648071,Willibald,Alexis,1798,1871,männlich,Häring_DerRolandvonBerlin.Band2.txt,1840.0,Roman,68062,Deutschland,https://www.projekt-gutenberg.org/alexis/roland2/roland2.html,1780-1799,berlin,sunset
205,Häring_DerRolandvonBerlin.Band3.txt,1840.0,Der Roland von Berlin. Band 3,Willibald Alexis,http://d-nb.info/gnd/118648071,Willibald,Alexis,1798,1871,männlich,Häring_DerRolandvonBerlin.Band3.txt,1840.0,Roman,81414,Deutschland,https://www.projekt-gutenberg.org/alexis/roland3/roland3.html,1780-1799,berlin,sunset
206,Häring_DerWerwolf.Band2.txt,1840.0,Der Werwolf. Band 2,Willibald Alexis,http://d-nb.info/gnd/118648071,Willibald,Alexis,1798,1871,männlich,Häring_DerWerwolf.Band2.txt,1848.0,Roman,78743,Deutschland,https://www.projekt-gutenberg.org/alexis/werwolf2/werwolf2.html,1780-1799,berlin,sunset
207,Häring_DieHosendesHerrnvonBredow_gutenberg.txt,1810.0,Die Hosen des Herrn von Bredow,Willibald Alexis,http://d-nb.info/gnd/118648071,Willibald,Alexis,1798,1871,männlich,Häring_DieHosendesHerrnvonBredow_gutenberg.txt,1846.0,Roman,110185,Deutschland,https://www.projekt-gutenberg.org/alexis/bredow/bredow.html,1780-1799,berlin,sunset
208,Häring_Isegrimm_gutenberg.txt,1810.0,Isegrimm,Willibald Alexis,http://d-nb.info/gnd/118648071,Willibald,Alexis,1798,1871,männlich,Häring_Isegrimm_gutenberg.txt,1854.0,Roman,229551,Deutschland,https://www.projekt-gutenberg.org/alexis/isegrimm/isegrimm.html,1780-1799,berlin,sunset
209,Kirchbach_DasLebenaufderWalze_gutenberg.txt,1870.0,Das Leben auf der Walze,Wolfgang Kirchbach,http://d-nb.info/gnd/118989480,Wolfgang,Kirchbach,1857,1906,männlich,Kirchbach_DasLebenaufderWalze_gutenberg.txt,1892.0,Roman,94317,Deutschland,https://www.projekt-gutenberg.org/kirchbac/lebwalze/lebwalze.html,1840-1859,berlin,sunset
210,Kirchbach_DerLeiermannausBerlin.txt,1900.0,Der Leiermann aus Berlin,Wolfgang Kirchbach,http://d-nb.info/gnd/118989480,Wolfgang,Kirchbach,1857,1906,männlich,Kirchbach_DerLeiermannausBerlin.txt,1906.0,Roman,129291,Deutschland,https://www.projekt-gutenberg.org/kirchbac/leierman/leierman.html,1840-1859,berlin,sunset
211,Hermann_HenrietteJacoby_gutenberg,,Henriette Jacoby,Georg Hermann,https://d-nb.info/gnd/118703707,Georg,Hermann,1872,1944,männlich,Hermann_HenrietteJacoby_gutenberg,1908.0,Roman,95454,Deutschland; Niederlande,,,berlin,gsd
213,Kretzer_DerMannohneGewissen_gutenberg,,Der Mann ohne Gewissen,Max Kretzer,https://d-nb.info/gnd/118715917,Max,Kretzer,1854,1941,männlich,Kretzer_DerMannohneGewissen_gutenberg,1904.0,Roman,99437,Deutschland; Polen,,,berlin,gsd
215,Stinde_EmmadasgeheimnisvolleHausmädchen_gutenberg,,"Emma, das geheimnisvolle Hausmädchen",Julius Stinde,https://d-nb.info/gnd/118798932,Julius,Stinde,1845,1909,männlich,Stinde_EmmadasgeheimnisvolleHausmädchen_gutenberg,1904.0,Roman,56669,Deutschland,,,berlin,gsd
216,Hermann_JettchenGebert_gutenberg,,Jettchen Gebert,Georg Hermann,https://d-nb.info/gnd/118703706,Georg,Hermann,1871,1943,männlich,Hermann_JettchenGebert_gutenberg,1906.0,Roman,122570,Deutschland; Niederlande,,,berlin,gsd
217,Raabe_DieChronikderSperlingsgasse_gutenberg,,Die Chronik der Sperlingsgasse,Wilhelm Raabe,http://d-nb.info/gnd/118597442,Wilhelm,Raabe,1831,1910,männlich,Raabe_DieChronikderSperlingsgasse_gutenberg,1857.0,Roman,49268,Deutschland,,,vienna,gsd
218,Braune_JungeLeuteinderStadt_gutenberg,,Junge Leute in der Stadt,Rudolf Braune,https://d-nb.info/gnd/118514687,Rudolf,Braune,1907,1932,männlich,Braune_JungeLeuteinderStadt_gutenberg,1932.0,Roman,89244,Deutschland,,,berlin,gsd
219,Hoffmann_DesVettersEckfenster_zeno,,Des Vetters Eckfenster,E.T.A. Hoffmann,http://d-nb.info/gnd/118552465,E. T. A.,Hoffmann,1776,1822,männlich,Hoffmann_DesVettersEckfenster_zeno,1822.0,Erzählung,9555,Deutschland,,,berlin,gsd
220,Hermann_Rosenemil_gutenberg,,Rosenemil,Georg Hermann,https://d-nb.info/gnd/118703712,Georg,Hermann,1877,1949,männlich,Hermann_Rosenemil_gutenberg,1935.0,Roman,129468,Deutschland; Niederlande,,,berlin,gsd
221,Stinde_DerFamilieBuchholzdritterTheilWilhelmine_gutenberg,,Der Familie Buchholz dritter Theil. Wilhelmine,Julius Stinde,https://d-nb.info/gnd/118798930,Julius,Stinde,1843,1907,männlich,Stinde_DerFamilieBuchholzdritterTheilWilhelmine_gutenberg,1886.0,Roman,68256,Deutschland,,,berlin,gsd
223,Fallada_KleinerMann-wasnun_gutenberg,,Kleiner Mann - was nun?,Hans Fallada,https://d-nb.info/gnd/118531905,Hans,Fallada,1893,1947,männlich,Fallada_KleinerMann-wasnun_gutenberg,1932.0,Roman,106382,Deutschland,,,berlin,gsd
224,kretzer_timpe_1888,,Meister Timpe,Max Kretzer,https://d-nb.info/gnd/118715917,Max,Kretzer,1854,1941,männlich,kretzer_timpe_1888,1888.0,Roman,79439,Deutschland; Polen,,,berlin,gsd
225,Meyr_LudwigundAnnemarie_gutenberg,,Ludwig und Annemarie,Melchior Meyr,ttps://d-nb.info/gnd/118783688,Melchior,Meyr,1810,1871,männlich,Meyr_LudwigundAnnemarie_gutenberg,1856.0,Erzählung,80184,Deutschland,,,berlin,gsd
227,Ringelnatz_…linerRoma…_zeno,,…liner Roma…,Joachim Ringelnatz,https://d-nb.info/gnd/118601121,Joachim,Ringelnatz,1883,1934,männlich,Ringelnatz_…linerRoma…_zeno,1924.0,Roman,10264,Deutschland,,,berlin,gsd
228,Meyr_DieLehrersbraut_gutenberg,,Die Lehrersbraut,Melchior Meyr,ttps://d-nb.info/gnd/118783689,Melchior,Meyr,1811,1872,männlich,Meyr_DieLehrersbraut_gutenberg,1856.0,Erzählung,105379,Deutschland,,,berlin,gsd
233,Stinde_DerFamilieBuchholzzweiterTheil_gutenberg,,Der Familie Buchholz zweiter Theil,Julius Stinde,https://d-nb.info/gnd/118798929,Julius,Stinde,1842,1906,männlich,Stinde_DerFamilieBuchholzzweiterTheil_gutenberg,1885.0,Roman,63736,Deutschland,,,berlin,gsd
234,Fontane_Cécile_zeno,,Cécile,Theodor Fontane,http://d-nb.info/gnd/118534266,Theodor,Fontane,1823,1902,männlich,Fontane_Cécile_zeno,1886.0,Roman,59136,Deutschland,,,berlin,gsd
235,Fontane_Stine_zeno,,Stine,Theodor Fontane,http://d-nb.info/gnd/118534262,Theodor,Fontane,1819,1898,männlich,Fontane_Stine_zeno,1890.0,Roman,31474,Deutschland,,,berlin,gsd
236,Fontane_IrrungenWirrungen_zeno,,"Irrungen, Wirrungen",Theodor Fontane,http://d-nb.info/gnd/118534269,Theodor,Fontane,1826,1905,männlich,Fontane_IrrungenWirrungen_zeno,1887.0,Roman,55101,Deutschland,,,berlin,gsd
239,Stinde_HotelBuchholz_gutenberg,,Hotel Buchholz,Julius Stinde,https://d-nb.info/gnd/118798931,Julius,Stinde,1844,1908,männlich,Stinde_HotelBuchholz_gutenberg,1897.0,Roman,60220,Deutschland,,,berlin,gsd
241,Fontane_DerStechlin_zeno,,Der Stechlin,Theodor Fontane,http://d-nb.info/gnd/118534265,Theodor,Fontane,1822,1901,männlich,Fontane_DerStechlin_zeno,1898.0,Roman,131532,Deutschland,,,berlin,gsd
242,Fontane_MathildeMöring_zeno,,Mathilde Möring,Theodor Fontane,http://d-nb.info/gnd/118534270,Theodor,Fontane,1827,1906,männlich,Fontane_MathildeMöring_zeno,1906.0,Erzählung,34787,Deutschland,,,berlin,gsd
243,Sudermann_FrauSorge_gutenberg,,Frau Sorge,Hermann Sudermann,http://d-nb.info/gnd/118619853,Hermann,Sudermann,1857,1928,männlich,Sudermann_FrauSorge_gutenberg,1887.0,Roman,66879,Deutschland,,,berlin,gsd
244,Musil_DerMannohneEigenschaftenErstesBuch_gutenberg,,Der Mann ohne Eigenschaften. Erstes Buch,Robert Musil,https://d-nb.info/gnd/118585916,Robert,Musil,1880,1942,männlich,Musil_DerMannohneEigenschaftenErstesBuch_gutenberg,1930.0,Roman,270122,Deutschland; Italien; Schweiz; Österreich,,,vienna,gsd
245,Hermann_Kubinke_gutenberg,,Kubinke,Georg Hermann,https://d-nb.info/gnd/118703709,Georg,Hermann,1874,1946,männlich,Hermann_Kubinke_gutenberg,1910.0,Roman,87473,Deutschland; Niederlande,,,berlin,gsd
246,Hermann_Schnee_gutenberg,,Schnee,Georg Hermann,https://d-nb.info/gnd/118703713,Georg,Hermann,1878,1950,männlich,Hermann_Schnee_gutenberg,1921.0,Roman,87283,Deutschland; Niederlande,,,berlin,gsd
247,Viebig_KinderderEifel_gutenberg,,Kinder der Eifel,Clara Viebig,https://d-nb.info/gnd/118804448,Clara,Viebig,1860,1952,weiblich,Viebig_KinderderEifel_gutenberg,1897.0,Roman,60672,Deutschland,,,berlin,gsd
248,Polenz_DerGrabenhäger_gutenberg,,Der Grabenhäger,Wilhelm von Polenz,http://d-nb.info/gnd/118803336,Wilhelm von,Polenz,1861,1903,männlich,Polenz_DerGrabenhäger_gutenberg,1897.0,Roman,156400,Deutschland,,,berlin,gsd
249,Hessel_HeimlichesBerlin_gutenberg,,Heimliches Berlin,Franz Hessel,https://d-nb.info/gnd/118881280,Franz,Hessel,1880,1941,männlich,Hessel_HeimlichesBerlin_gutenberg,1927.0,Roman,27866,Deutschland; Frankreich,,,berlin,gsd
250,Alexis_RolandvonBerlin(Band1)_gutenberg,,Roland von Berlin (Band 1),Willibald Alexis,http://d-nb.info/gnd/118648071,Willibald,Alexis,1798,1871,männlich,Alexis_RolandvonBerlin(Band1)_gutenberg,1840.0,Roman,71872,Deutschland,,,berlin,gsd
251,Anzengruber_DergottüberlegenJakob_zeno,,Der gottüberlegen Jakob,Ludwig Anzengruber,http://d-nb.info/gnd/11850357X,Ludwig,Anzengruber,1839,1889,männlich,Anzengruber_DergottüberlegenJakob_zeno,1879.0,Roman,16160,Deutschland; Österreich,,,vienna,gsd
252,Fontane_VordemSturm_zeno,,Vor dem Sturm,Theodor Fontane,http://d-nb.info/gnd/118534263,Theodor,Fontane,1820,1899,männlich,Fontane_VordemSturm_zeno,1878.0,Roman,234731,Deutschland,,,berlin,gsd
253,Stinde_DieFamilieBuchholzAusdemLebenderHauptstadt_gutenberg,,Die Familie Buchholz. Aus dem Leben der Hauptstadt,Julius Stinde,https://d-nb.info/gnd/118798928,Julius,Stinde,1841,1905,männlich,Stinde_DieFamilieBuchholzAusdemLebenderHauptstadt_gutenberg,1884.0,Roman,72362,Deutschland,,,berlin,gsd
254,Hermann_EineZeitstirbt_gutenberg,,Eine Zeit stirbt,Georg Hermann,https://d-nb.info/gnd/118703708,Georg,Hermann,1873,1945,männlich,Hermann_EineZeitstirbt_gutenberg,1934.0,Roman,114113,Deutschland; Niederlande,,,berlin,gsd
255,Viebig_DasKreuzimVenn_gutenberg,,Das Kreuz im Venn,Clara Viebig,https://d-nb.info/gnd/118804448,Clara,Viebig,1860,1952,weiblich,Viebig_DasKreuzimVenn_gutenberg,1908.0,Roman,90198,Deutschland,,,berlin,gsd
257,Alexis_RolandvonBerlin(Band3)_gutenberg,,Roland von Berlin (Band 3),Willibald Alexis,http://d-nb.info/gnd/118648071,Willibald,Alexis,1798,1871,männlich,Alexis_RolandvonBerlin(Band3)_gutenberg,1840.0,Roman,81416,Deutschland,,,berlin,gsd
258,Fontane_DiePoggenpuhls_zeno,,Die Poggenpuhls,Theodor Fontane,http://d-nb.info/gnd/118534264,Theodor,Fontane,1821,1900,männlich,Fontane_DiePoggenpuhls_zeno,1896.0,Roman,34153,Deutschland,,,berlin,gsd
260,Fontane_LAdultera_zeno,,L'Adultera,Theodor Fontane,http://d-nb.info/gnd/118534267,Theodor,Fontane,1824,1903,männlich,Fontane_LAdultera_zeno,1888.0,Roman,47005,Deutschland,,,berlin,gsd
262,Meyr_GleichundGleich_gutenberg,,Gleich und Gleich,Melchior Meyr,ttps://d-nb.info/gnd/118783690,Melchior,Meyr,1812,1873,männlich,Meyr_GleichundGleich_gutenberg,1870.0,Erzählung,94859,Deutschland,,,berlin,gsd
263,Alexis_RolandvonBerlin(Band2)_gutenberg,,Roland von Berlin (Band 2),Willibald Alexis,http://d-nb.info/gnd/118648071,Willibald,Alexis,1798,1871,männlich,Alexis_RolandvonBerlin(Band2)_gutenberg,1840.0,Roman,68063,Deutschland,,,berlin,gsd
264,Kinkel_DieHeimatlosen_gutenberg,,Die Heimatlosen,Gottfried Kinkel,http://d-nb.info/gnd/11856224X,Gottfried,Kinkel,1815,1882,männlich,Kinkel_DieHeimatlosen_gutenberg,1849.0,Erzählung,57630,Deutschland; Schweiz,,,berlin,gsd
266,Musil_DerMannohneEigenschaftenZweitesBuch_gutenberg,,Der Mann ohne Eigenschaften. Zweites Buch,Robert Musil,https://d-nb.info/gnd/118585916,Robert,Musil,1880,1942,männlich,Musil_DerMannohneEigenschaftenZweitesBuch_gutenberg,1933.0,Roman,154544,Deutschland; Italien; Schweiz; Österreich,,,vienna,gsd
267,Fontane_FrauJennyTreibel_zeno,,Frau Jenny Treibel,Theodor Fontane,http://d-nb.info/gnd/118534268,Theodor,Fontane,1825,1904,männlich,Fontane_FrauJennyTreibel_zeno,1892.0,Roman,61609,Deutschland,,,berlin,gsd